Workbook

Sheet README_notes
A1: Experiment Data Cleaning & Preparation Notes
A3: Sheet order: raw_data -> data_quality_checks -> cleaned_data
A5: 1. raw_data: original dataset as downloaded (1408 rows), with two helper columns added:
A6: - row_fingerprint: concatenation of all 16 fields, used to detect exact duplicate rows
A7: - duplicate_flag: identifies 'Exact Duplicate - Keep First' / 'Exact Duplicate - Remove' / 'Unique'
A9: 2. data_quality_checks: summarizes missing values, duplicate counts, invalid binary values,
A10: group counts, revenue outliers (IQR method), and segment distribution across Control/Treatment.
A12: 3. cleaned_data: final analysis-ready dataset (1400 rows) after:
A13: - Removing 8 exact duplicate rows (kept first occurrence)
A14: - Filling missing device_type (18 rows) and traffic_source (24 rows) with 'Unknown'
A15: - No invalid binary values were found (all 0/1 fields were clean)
A16: - 4 revenue values among converted users were flagged as statistical outliers (IQR method)
... A19: Group sizes after cleaning: Control = 690, Treatment = 710

Sheet raw_data
A1: user_id | B1: signup_date | C1: experiment_group | D1: region | E1: device_type | F1: traffic_source | G1: plan_type | H1: visited_landing_page | I1: started_trial | J1: completed_onboarding | K1: converted_to_paid | L1: revenue_30d | M1: support_tickets_30d | N1: refund_requested | O1: days_to_convert | P1: engagement_score | Q1: row_fingerprint | R1: duplicate_flag
A2: USR-100001 | B2: 45732 | C2: Control | D2: North | E2: Desktop | F2: Email | G2: Basic | H2: 0 | I2: 0 | J2: 0 | K2: 0 | L2: 0 | M2: 0 | N2: 0 | P2: 45.7 | Q2: =A2&"|"&B2&"|"&C2&"|"&D2&"|"&E2&"|"&F2&"|"&G2&"|"&H2&"|"&I2&"|"&J2&"|"&K2&"|"&L2&"|"&M2&"|"&N2&"|"&O2&"|"&P2 | R2: =IF(COUNTIF($Q$2:$Q$1409,Q2)>1,IF(COUNTIF($Q$2:Q2,Q2)=1,"Exact Duplicate - Keep First","Exact Duplicate - Remove"),"Unique")
A3: USR-100002 | B3: 45724 | C3: Control | D3: West | E3: Mobile | F3: Organic | G3: Free | H3: 1 | I3: 0 | J3: 0 | K3: 0 | L3: 0 | M3: 0 | N3: 0 | P3: 48.6 | Q3: =A3&"|"&B3&"|"&C3&"|"&D3&"|"&E3&"|"&F3&"|"&G3&"|"&H3&"|"&I3&"|"&J3&"|"&K3&"|"&L3&"|"&M3&"|"&N3&"|"&O3&"|"&P3 | R3: =IF(COUNTIF($Q$2:$Q$1409,Q3)>1,IF(COUNTIF($Q$2:Q3,Q3)=1,"Exact Duplicate - Keep First","Exact Duplicate - Remove"),"Unique")
A4: USR-100003 | B4: 45771 | C4: Control | D4: East | E4: Mobile | F4: Paid Search | G4: Premium | H4: 1 | I4: 0 | J4: 0 | K4: 0 | L4: 0 | M4: 1 | N4: 0 | P4: 35.4 | Q4: =A4&"|"&B4&"|"&C4&"|"&D4&"|"&E4&"|"&F4&"|"&G4&"|"&H4&"|"&I4&"|"&J4&"|"&K4&"|"&L4&"|"&M4&"|"&N4&"|"&O4&"|"&P4 | R4: =IF(COUNTIF($Q$2:$Q$1409,Q4)>1,IF(COUNTIF($Q$2:Q4,Q4)=1,"Exact Duplicate - Keep First","Exact Duplicate - Remove"),"Unique")
A5: USR-100004 | B5: 45781 | C5: Control | D5: South | E5: Mobile | F5: Email | G5: Basic | H5: 1 | I5: 0 | J5: 0 | K5: 0 | L5: 0 | M5: 0 | N5: 0 | P5: 64.6 | Q5: =A5&"|"&B5&"|"&C5&"|"&D5&"|"&E5&"|"&F5&"|"&G5&"|"&H5&"|"&I5&"|"&J5&"|"&K5&"|"&L5&"|"&M5&"|"&N5&"|"&O5&"|"&P5 | R5: =IF(COUNTIF($Q$2:$Q$1409,Q5)>1,IF(COUNTIF($Q$2:Q5,Q5)=1,"Exact Duplicate - Keep First","Exact Duplicate - Remove"),"Unique")
A6: USR-100005 | B6: 45700 | C6: Control | D6: North | E6: Tablet | F6: Organic | G6: Free | H6: 0 | I6: 0 | J6: 0 | K6: 0 | L6: 0 | M6: 0 | N6: 0 | P6: 66.6 | Q6: =A6&"|"&B6&"|"&C6&"|"&D6&"|"&E6&"|"&F6&"|"&G6&"|"&H6&"|"&I6&"|"&J6&"|"&K6&"|"&L6&"|"&M6&"|"&N6&"|"&O6&"|"&P6 | R6: =IF(COUNTIF($Q$2:$Q$1409,Q6)>1,IF(COUNTIF($Q$2:Q6,Q6)=1,"Exact Duplicate - Keep First","Exact Duplicate - Remove"),"Unique")
A7: USR-100006 | B7: 45685 | C7: Control | D7: East | E7: Mobile | F7: Organic | G7: Premium | H7: 1 | I7: 0 | J7: 0 | K7: 0 | L7: 0 | M7: 0 | N7: 0 | P7: 40.8 | Q7: =A7&"|"&B7&"|"&C7&"|"&D7&"|"&E7&"|"&F7&"|"&G7&"|"&H7&"|"&I7&"|"&J7&"|"&K7&"|"&L7&"|"&M7&"|"&N7&"|"&O7&"|"&P7 | R7: =IF(COUNTIF($Q$2:$Q$1409,Q7)>1,IF(COUNTIF($Q$2:Q7,Q7)=1,"Exact Duplicate - Keep First","Exact Duplicate - Remove"),"Unique")
A8: USR-100007 | B8: 45755 | C8: Control | D8: East | E8: Mobile | F8: Paid Search | G8: Basic | H8: 1 | I8: 1 | J8: 0 | K8: 0 | L8: 0 | M8: 0 | N8: 0 | P8: 57.1 | Q8: =A8&"|"&B8&"|"&C8&"|"&D8&"|"&E8&"|"&F8&"|"&G8&"|"&H8&"|"&I8&"|"&J8&"|"&K8&"|"&L8&"|"&M8&"|"&N8&"|"&O8&"|"&P8 | R8: =IF(COUNTIF($Q$2:$Q$1409,Q8)>1,IF(COUNTIF($Q$2:Q8,Q8)=1,"Exact Duplicate - Keep First","Exact Duplicate - Remove"),"Unique")
A9: USR-100008 | B9: 45794 | C9: Control | D9: South | E9: Mobile | F9: Paid Search | G9: Free | H9: 0 | I9: 0 | J9: 0 | K9: 0 | L9: 0 | M9: 0 | N9: 0 | P9: 36.4 | Q9: =A9&"|"&B9&"|"&C9&"|"&D9&"|"&E9&"|"&F9&"|"&G9&"|"&H9&"|"&I9&"|"&J9&"|"&K9&"|"&L9&"|"&M9&"|"&N9&"|"&O9&"|"&P9 | R9: =IF(COUNTIF($Q$2:$Q$1409,Q9)>1,IF(COUNTIF($Q$2:Q9,Q9)=1,"Exact Duplicate - Keep First","Exact Duplicate - Remove"),"Unique")
A10: USR-100009 | B10: 45711 | C10: Control | D10: South | E10: Tablet | F10: Referral | G10: Basic | H10: 0 | I10: 0 | J10: 0 | K10: 0 | L10: 0 | M10: 0 | N10: 0 | P10: 55.4 | Q10: =A10&"|"&B10&"|"&C10&"|"&D10&"|"&E10&"|"&F10&"|"&G10&"|"&H10&"|"&I10&"|"&J10&"|"&K10&"|"&L10&"|"&M10&"|"&N10&"|"&O10&"|"&P10 | R10: =IF(COUNTIF($Q$2:$Q$1409,Q10)>1,IF(COUNTIF($Q$2:Q10,Q10)=1,"Exact Duplicate - Keep First","Exact Duplicate - Remove"),"Unique")
A11: USR-100010 | B11: 45806 | C11: Control | D11: West | E11: Desktop | F11: Social | G11: Free | H11: 1 | I11: 0 | J11: 0 | K11: 0 | L11: 0 | M11: 0 | N11: 0 | P11: 57.3 | Q11: =A11&"|"&B11&"|"&C11&"|"&D11&"|"&E11&"|"&F11&"|"&G11&"|"&H11&"|"&I11&"|"&J11&"|"&K11&"|"&L11&"|"&M11&"|"&N11&"|"&O11&"|"&P11 | R11: =IF(COUNTIF($Q$2:$Q$1409,Q11)>1,IF(COUNTIF($Q$2:Q11,Q11)=1,"Exact Duplicate - Keep First","Exact Duplicate - Remove"),"Unique")
A12: USR-100011 | B12: 45777 | C12: Control | D12: East | E12: Mobile | F12: Paid Search | G12: Basic | H12: 1 | I12: 1 | J12: 1 | K12: 0 | L12: 0 | M12: 0 | N12: 0 | P12: 63.6 | Q12: =A12&"|"&B12&"|"&C12&"|"&D12&"|"&E12&"|"&F12&"|"&G12&"|"&H12&"|"&I12&"|"&J12&"|"&K12&"|"&L12&"|"&M12&"|"&N12&"|"&O12&"|"&P12 | R12: =IF(COUNTIF($Q$2:$Q$1409,Q12)>1,IF(COUNTIF($Q$2:Q12,Q12)=1,"Exact Duplicate - Keep First","Exact Duplicate - Remove"),"Unique")
A13: USR-100012 | B13: 45732 | C13: Control | D13: East | E13: Mobile | F13: Social | G13: Premium | H13: 1 | I13: 1 | J13: 1 | K13: 0 | L13: 0 | M13: 1 | N13: 0 | P13: 80.4 | Q13: =A13&"|"&B13&"|"&C13&"|"&D13&"|"&E13&"|"&F13&"|"&G13&"|"&H13&"|"&I13&"|"&J13&"|"&K13&"|"&L13&"|"&M13&"|"&N13&"|"&O13&"|"&P13 | R13: =IF(COUNTIF($Q$2:$Q$1409,Q13)>1,IF(COUNTIF($Q$2:Q13,Q13)=1,"Exact Duplicate - Keep First","Exact Duplicate - Remove"),"Unique")
... A60: USR-100059 | B60: 45761 | C60: Control | D60: North | E60: Mobile | F60: Social | G60: Free | H60: 0 | I60: 0 | J60: 0 | K60: 0 | L60: 0 | M60: 2 | N60: 0 | P60: 48.9 | Q60: =A60&"|"&B60&"|"&C60&"|"&D60&"|"&E60&"|"&F60&"|"&G60&"|"&H60&"|"&I60&"|"&J60&"|"&K60&"|"&L60&"|"&M60&"|"&N60&"|"&O60&"|"&P60 | R60: =IF(COUNTIF($Q$2:$Q$1409,Q60)>1,IF(COUNTIF($Q$2:Q60,Q60)=1,"Exact Duplicate - Keep First","Exact Duplicate - Remove"),"Unique")
A61: USR-100060 | B61: 45658 | C61: Control | D61: West | E61: Mobile | F61: Social | G61: Free | H61: 1 | I61: 1 | J61: 1 | K61: 1 | L61: 240.42 | M61: 0 | N61: 0 | O61: 16 | P61: 56.5 | Q61: =A61&"|"&B61&"|"&C61&"|"&D61&"|"&E61&"|"&F61&"|"&G61&"|"&H61&"|"&I61&"|"&J61&"|"&K61&"|"&L61&"|"&M61&"|"&N61&"|"&O61&"|"&P61 | R61: =IF(COUNTIF($Q$2:$Q$1409,Q61)>1,IF(COUNTIF($Q$2:Q61,Q61)=1,"Exact Duplicate - Keep First","Exact Duplicate - Remove"),"Unique")
A62: USR-100061 | B62: 45749 | C62: Control | D62: South | E62: Mobile | F62: Referral | G62: Free | H62: 1 | I62: 0 | J62: 0 | K62: 0 | L62: 0 | M62: 0 | N62: 0 | P62: 53.7 | Q62: =A62&"|"&B62&"|"&C62&"|"&D62&"|"&E62&"|"&F62&"|"&G62&"|"&H62&"|"&I62&"|"&J62&"|"&K62&"|"&L62&"|"&M62&"|"&N62&"|"&O62&"|"&P62 | R62: =IF(COUNTIF($Q$2:$Q$1409,Q62)>1,IF(COUNTIF($Q$2:Q62,Q62)=1,"Exact Duplicate - Keep First","Exact Duplicate - Remove"),"Unique")
A63: USR-100062 | B63: 45745 | C63: Control | D63: North | E63: Mobile | F63: Social | G63: Premium | H63: 0 | I63: 0 | J63: 0 | K63: 0 | L63: 0 | M63: 0 | N63: 0 | P63: 62.2 | Q63: =A63&"|"&B63&"|"&C63&"|"&D63&"|"&E63&"|"&F63&"|"&G63&"|"&H63&"|"&I63&"|"&J63&"|"&K63&"|"&L63&"|"&M63&"|"&N63&"|"&O63&"|"&P63 | R63: =IF(COUNTIF($Q$2:$Q$1409,Q63)>1,IF(COUNTIF($Q$2:Q63,Q63)=1,"Exact Duplicate - Keep First","Exact Duplicate - Remove"),"Unique")
A64: USR-100063 | B64: 45792 | C64: Control | D64: South | E64: Desktop | F64: Organic | G64: Free | H64: 1 | I64: 0 | J64: 0 | K64: 0 | L64: 0 | M64: 0 | N64: 0 | P64: 50.2 | Q64: =A64&"|"&B64&"|"&C64&"|"&D64&"|"&E64&"|"&F64&"|"&G64&"|"&H64&"|"&I64&"|"&J64&"|"&K64&"|"&L64&"|"&M64&"|"&N64&"|"&O64&"|"&P64 | R64: =IF(COUNTIF($Q$2:$Q$1409,Q64)>1,IF(COUNTIF($Q$2:Q64,Q64)=1,"Exact Duplicate - Keep First","Exact Duplicate - Remove"),"Unique")
A65: USR-100064 | B65: 45758 | C65: Control | D65: North | E65: Mobile | F65: Organic | G65: Basic | H65: 1 | I65: 0 | J65: 0 | K65: 0 | L65: 0 | M65: 0 | N65: 0 | P65: 74.3 | Q65: =A65&"|"&B65&"|"&C65&"|"&D65&"|"&E65&"|"&F65&"|"&G65&"|"&H65&"|"&I65&"|"&J65&"|"&K65&"|"&L65&"|"&M65&"|"&N65&"|"&O65&"|"&P65 | R65: =IF(COUNTIF($Q$2:$Q$1409,Q65)>1,IF(COUNTIF($Q$2:Q65,Q65)=1,"Exact Duplicate - Keep First","Exact Duplicate - Remove"),"Unique")
A66: USR-100065 | B66: 45723 | C66: Control | D66: South | E66: Desktop | F66: Paid Search | G66: Free | H66: 1 | I66: 0 | J66: 0 | K66: 0 | L66: 0 | M66: 0 | N66: 0 | P66: 58 | Q66: =A66&"|"&B66&"|"&C66&"|"&D66&"|"&E66&"|"&F66&"|"&G66&"|"&H66&"|"&I66&"|"&J66&"|"&K66&"|"&L66&"|"&M66&"|"&N66&"|"&O66&"|"&P66 | R66: =IF(COUNTIF($Q$2:$Q$1409,Q66)>1,IF(COUNTIF($Q$2:Q66,Q66)=1,"Exact Duplicate - Keep First","Exact Duplicate - Remove"),"Unique")
A67: USR-100066 | B67: 45807 | C67: Control | D67: South | E67: Mobile | F67: Organic | G67: Free | H67: 0 | I67: 0 | J67: 0 | K67: 0 | L67: 0 | M67: 0 | N67: 0 | P67: 46.7 | Q67: =A67&"|"&B67&"|"&C67&"|"&D67&"|"&E67&"|"&F67&"|"&G67&"|"&H67&"|"&I67&"|"&J67&"|"&K67&"|"&L67&"|"&M67&"|"&N67&"|"&O67&"|"&P67 | R67: =IF(COUNTIF($Q$2:$Q$1409,Q67)>1,IF(COUNTIF($Q$2:Q67,Q67)=1,"Exact Duplicate - Keep First","Exact Duplicate - Remove"),"Unique")
A68: USR-100067 | B68: 45664 | C68: Control | D68: South | E68: Desktop | F68: Organic | G68: Premium | H68: 1 | I68: 0 | J68: 0 | K68: 0 | L68: 0 | M68: 1 | N68: 0 | P68: 49.6 | Q68: =A68&"|"&B68&"|"&C68&"|"&D68&"|"&E68&"|"&F68&"|"&G68&"|"&H68&"|"&I68&"|"&J68&"|"&K68&"|"&L68&"|"&M68&"|"&N68&"|"&O68&"|"&P68 | R68: =IF(COUNTIF($Q$2:$Q$1409,Q68)>1,IF(COUNTIF($Q$2:Q68,Q68)=1,"Exact Duplicate - Keep First","Exact Duplicate - Remove"),"Unique")
A69: USR-100068 | B69: 45785 | C69: Control | D69: West | E69: Mobile | F69: Social | G69: Free | H69: 0 | I69: 0 | J69: 0 | K69: 0 | L69: 0 | M69: 0 | N69: 0 | P69: 60.4 | Q69: =A69&"|"&B69&"|"&C69&"|"&D69&"|"&E69&"|"&F69&"|"&G69&"|"&H69&"|"&I69&"|"&J69&"|"&K69&"|"&L69&"|"&M69&"|"&N69&"|"&O69&"|"&P69 | R69: =IF(COUNTIF($Q$2:$Q$1409,Q69)>1,IF(COUNTIF($Q$2:Q69,Q69)=1,"Exact Duplicate - Keep First","Exact Duplicate - Remove"),"Unique")
A70: USR-100069 | B70: 45735 | C70: Control | D70: East | E70: Desktop | F70: Email | G70: Free | H70: 1 | I70: 1 | J70: 1 | K70: 0 | L70: 0 | M70: 0 | N70: 0 | P70: 55.3 | Q70: =A70&"|"&B70&"|"&C70&"|"&D70&"|"&E70&"|"&F70&"|"&G70&"|"&H70&"|"&I70&"|"&J70&"|"&K70&"|"&L70&"|"&M70&"|"&N70&"|"&O70&"|"&P70 | R70: =IF(COUNTIF($Q$2:$Q$1409,Q70)>1,IF(COUNTIF($Q$2:Q70,Q70)=1,"Exact Duplicate - Keep First","Exact Duplicate - Remove"),"Unique")
A71: USR-100070 | B71: 45793 | C71: Control | D71: North | E71: Desktop | F71: Organic | G71: Free | H71: 0 | I71: 0 | J71: 0 | K71: 0 | L71: 0 | M71: 0 | N71: 0 | P71: 56.2 | Q71: =A71&"|"&B71&"|"&C71&"|"&D71&"|"&E71&"|"&F71&"|"&G71&"|"&H71&"|"&I71&"|"&J71&"|"&K71&"|"&L71&"|"&M71&"|"&N71&"|"&O71&"|"&P71 | R71: =IF(COUNTIF($Q$2:$Q$1409,Q71)>1,IF(COUNTIF($Q$2:Q71,Q71)=1,"Exact Duplicate - Keep First","Exact Duplicate - Remove"),"Unique")
A72: USR-100071 | B72: 45724 | C72: Control | D72: West | E72: Mobile | F72: Email | G72: Free | H72: 0 | I72: 0 | J72: 0 | K72: 0 | L72: 0 | M72: 0 | N72: 0 | P72: 29.4 | Q72: =A72&"|"&B72&"|"&C72&"|"&D72&"|"&E72&"|"&F72&"|"&G72&"|"&H72&"|"&I72&"|"&J72&"|"&K72&"|"&L72&"|"&M72&"|"&N72&"|"&O72&"|"&P72 | R72: =IF(COUNTIF($Q$2:$Q$1409,Q72)>1,IF(COUNTIF($Q$2:Q72,Q72)=1,"Exact Duplicate - Keep First","Exact Duplicate - Remove"),"Unique")
A73: USR-100072 | B73: 45724 | C73: Control | D73: East | E73: Mobile | F73: Email | G73: Free | H73: 1 | I73: 0 | J73: 0 | K73: 0 | L73: 0 | M73: 0 | N73: 0 | P73: 54.2 | Q73: =A73&"|"&B73&"|"&C73&"|"&D73&"|"&E73&"|"&F73&"|"&G73&"|"&H73&"|"&I73&"|"&J73&"|"&K73&"|"&L73&"|"&M73&"|"&N73&"|"&O73&"|"&P73 | R73: =IF(COUNTIF($Q$2:$Q$1409,Q73)>1,IF(COUNTIF($Q$2:Q73,Q73)=1,"Exact Duplicate - Keep First","Exact Duplicate - Remove"),"Unique")
... A79: USR-100078 | B79: 45673 | C79: Control | D79: North | E79: Mobile | F79: Organic | G79: Free | H79: 0 | I79: 0 | J79: 0 | K79: 0 | L79: 0 | M79: 2 | N79: 0 | P79: 48.4 | Q79: =A79&"|"&B79&"|"&C79&"|"&D79&"|"&E79&"|"&F79&"|"&G79&"|"&H79&"|"&I79&"|"&J79&"|"&K79&"|"&L79&"|"&M79&"|"&N79&"|"&O79&"|"&P79 | R79: =IF(COUNTIF($Q$2:$Q$1409,Q79)>1,IF(COUNTIF($Q$2:Q79,Q79)=1,"Exact Duplicate - Keep First","Exact Duplicate - Remove"),"Unique")
A80: USR-100079 | B80: 45708 | C80: Control | D80: West | E80: Desktop | F80: Organic | G80: Free | H80: 1 | I80: 1 | J80: 1 | K80: 1 | L80: 457.51 | M80: 0 | N80: 0 | O80: 7 | P80: 38 | Q80: =A80&"|"&B80&"|"&C80&"|"&D80&"|"&E80&"|"&F80&"|"&G80&"|"&H80&"|"&I80&"|"&J80&"|"&K80&"|"&L80&"|"&M80&"|"&N80&"|"&O80&"|"&P80 | R80: =IF(COUNTIF($Q$2:$Q$1409,Q80)>1,IF(COUNTIF($Q$2:Q80,Q80)=1,"Exact Duplicate - Keep First","Exact Duplicate - Remove"),"Unique")
A81: USR-100080 | B81: 45798 | C81: Control | D81: East | E81: Mobile | F81: Social | G81: Free | H81: 1 | I81: 0 | J81: 0 | K81: 0 | L81: 0 | M81: 0 | N81: 0 | P81: 44.2 | Q81: =A81&"|"&B81&"|"&C81&"|"&D81&"|"&E81&"|"&F81&"|"&G81&"|"&H81&"|"&I81&"|"&J81&"|"&K81&"|"&L81&"|"&M81&"|"&N81&"|"&O81&"|"&P81 | R81: =IF(COUNTIF($Q$2:$Q$1409,Q81)>1,IF(COUNTIF($Q$2:Q81,Q81)=1,"Exact Duplicate - Keep First","Exact Duplicate - Remove"),"Unique")
A82: USR-100081 | B82: 45785 | C82: Control | D82: South | E82: Mobile | F82: Organic | G82: Free | H82: 1 | I82: 1 | J82: 1 | K82: 0 | L82: 0 | M82: 0 | N82: 0 | P82: 81.2 | Q82: =A82&"|"&B82&"|"&C82&"|"&D82&"|"&E82&"|"&F82&"|"&G82&"|"&H82&"|"&I82&"|"&J82&"|"&K82&"|"&L82&"|"&M82&"|"&N82&"|"&O82&"|"&P82 | R82: =IF(COUNTIF($Q$2:$Q$1409,Q82)>1,IF(COUNTIF($Q$2:Q82,Q82)=1,"Exact Duplicate - Keep First","Exact Duplicate - Remove"),"Unique")
A83: USR-100082 | B83: 45724 | C83: Control | D83: South | E83: Mobile | F83: Referral | G83: Free | H83: 1 | I83: 1 | J83: 0 | K83: 0 | L83: 0 | M83: 0 | N83: 0 | P83: 63.8 | Q83: =A83&"|"&B83&"|"&C83&"|"&D83&"|"&E83&"|"&F83&"|"&G83&"|"&H83&"|"&I83&"|"&J83&"|"&K83&"|"&L83&"|"&M83&"|"&N83&"|"&O83&"|"&P83 | R83: =IF(COUNTIF($Q$2:$Q$1409,Q83)>1,IF(COUNTIF($Q$2:Q83,Q83)=1,"Exact Duplicate - Keep First","Exact Duplicate - Remove"),"Unique")
A84: USR-100083 | B84: 45748 | C84: Control | D84: South | E84: Desktop | F84: Email | G84: Free | H84: 0 | I84: 0 | J84: 0 | K84: 0 | L84: 0 | M84: 0 | N84: 0 | P84: 64.7 | Q84: =A84&"|"&B84&"|"&C84&"|"&D84&"|"&E84&"|"&F84&"|"&G84&"|"&H84&"|"&I84&"|"&J84&"|"&K84&"|"&L84&"|"&M84&"|"&N84&"|"&O84&"|"&P84 | R84: =IF(COUNTIF($Q$2:$Q$1409,Q84)>1,IF(COUNTIF($Q$2:Q84,Q84)=1,"Exact Duplicate - Keep First","Exact Duplicate - Remove"),"Unique")
A85: USR-100084 | B85: 45719 | C85: Control | D85: West | E85: Mobile | F85: Social | G85: Basic | H85: 0 | I85: 0 | J85: 0 | K85: 0 | L85: 0 | M85: 0 | N85: 0 | P85: 60.4 | Q85: =A85&"|"&B85&"|"&C85&"|"&D85&"|"&E85&"|"&F85&"|"&G85&"|"&H85&"|"&I85&"|"&J85&"|"&K85&"|"&L85&"|"&M85&"|"&N85&"|"&O85&"|"&P85 | R85: =IF(COUNTIF($Q$2:$Q$1409,Q85)>1,IF(COUNTIF($Q$2:Q85,Q85)=1,"Exact Duplicate - Keep First","Exact Duplicate - Remove"),"Unique")
A86: USR-100085 | B86: 45763 | C86: Control | D86: South | E86: Mobile | F86: Paid Search | G86: Free | H86: 0 | I86: 0 | J86: 0 | K86: 0 | L86: 0 | M86: 0 | N86: 0 | P86: 66.6 | Q86: =A86&"|"&B86&"|"&C86&"|"&D86&"|"&E86&"|"&F86&"|"&G86&"|"&H86&"|"&I86&"|"&J86&"|"&K86&"|"&L86&"|"&M86&"|"&N86&"|"&O86&"|"&P86 | R86: =IF(COUNTIF($Q$2:$Q$1409,Q86)>1,IF(COUNTIF($Q$2:Q86,Q86)=1,"Exact Duplicate - Keep First","Exact Duplicate - Remove"),"Unique")
A87: USR-100086 | B87: 45666 | C87: Control | D87: North | E87: Desktop | F87: Organic | G87: Free | H87: 1 | I87: 0 | J87: 0 | K87: 0 | L87: 0 | M87: 0 | N87: 0 | P87: 50.9 | Q87: =A87&"|"&B87&"|"&C87&"|"&D87&"|"&E87&"|"&F87&"|"&G87&"|"&H87&"|"&I87&"|"&J87&"|"&K87&"|"&L87&"|"&M87&"|"&N87&"|"&O87&"|"&P87 | R87: =IF(COUNTIF($Q$2:$Q$1409,Q87)>1,IF(COUNTIF($Q$2:Q87,Q87)=1,"Exact Duplicate - Keep First","Exact Duplicate - Remove"),"Unique")
A88: USR-100087 | B88: 45679 | C88: Control | D88: West | E88: Desktop | F88: Social | G88: Basic | H88: 0 | I88: 0 | J88: 0 | K88: 0 | L88: 0 | M88: 0 | N88: 0 | P88: 51 | Q88: =A88&"|"&B88&"|"&C88&"|"&D88&"|"&E88&"|"&F88&"|"&G88&"|"&H88&"|"&I88&"|"&J88&"|"&K88&"|"&L88&"|"&M88&"|"&N88&"|"&O88&"|"&P88 | R88: =IF(COUNTIF($Q$2:$Q$1409,Q88)>1,IF(COUNTIF($Q$2:Q88,Q88)=1,"Exact Duplicate - Keep First","Exact Duplicate - Remove"),"Unique")
A89: USR-100088 | B89: 45777 | C89: Control | D89: South | E89: Mobile | F89: Email | G89: Premium | H89: 0 | I89: 0 | J89: 0 | K89: 0 | L89: 0 | M89: 0 | N89: 0 | P89: 65.8 | Q89: =A89&"|"&B89&"|"&C89&"|"&D89&"|"&E89&"|"&F89&"|"&G89&"|"&H89&"|"&I89&"|"&J89&"|"&K89&"|"&L89&"|"&M89&"|"&N89&"|"&O89&"|"&P89 | R89: =IF(COUNTIF($Q$2:$Q$1409,Q89)>1,IF(COUNTIF($Q$2:Q89,Q89)=1,"Exact Duplicate - Keep First","Exact Duplicate - Remove"),"Unique")
A90: USR-100089 | B90: 45772 | C90: Control | D90: North | E90: Mobile | F90: Referral | G90: Basic | H90: 1 | I90: 0 | J90: 0 | K90: 0 | L90: 0 | M90: 0 | N90: 0 | P90: 61.8 | Q90: =A90&"|"&B90&"|"&C90&"|"&D90&"|"&E90&"|"&F90&"|"&G90&"|"&H90&"|"&I90&"|"&J90&"|"&K90&"|"&L90&"|"&M90&"|"&N90&"|"&O90&"|"&P90 | R90: =IF(COUNTIF($Q$2:$Q$1409,Q90)>1,IF(COUNTIF($Q$2:Q90,Q90)=1,"Exact Duplicate - Keep First","Exact Duplicate - Remove"),"Unique")
A91: USR-100090 | B91: 45689 | C91: Control | D91: North | E91: Mobile | F91: Organic | G91: Basic | H91: 1 | I91: 0 | J91: 0 | K91: 0 | L91: 0 | M91: 0 | N91: 0 | P91: 54.5 | Q91: =A91&"|"&B91&"|"&C91&"|"&D91&"|"&E91&"|"&F91&"|"&G91&"|"&H91&"|"&I91&"|"&J91&"|"&K91&"|"&L91&"|"&M91&"|"&N91&"|"&O91&"|"&P91 | R91: =IF(COUNTIF($Q$2:$Q$1409,Q91)>1,IF(COUNTIF($Q$2:Q91,Q91)=1,"Exact Duplicate - Keep First","Exact Duplicate - Remove"),"Unique")
A92: USR-100091 | B92: 45770 | C92: Control | D92: South | E92: Desktop | F92: Organic | G92: Free | H92: 1 | I92: 0 | J92: 0 | K92: 0 | L92: 0 | M92: 0 | N92: 0 | P92: 72.2 | Q92: =A92&"|"&B92&"|"&C92&"|"&D92&"|"&E92&"|"&F92&"|"&G92&"|"&H92&"|"&I92&"|"&J92&"|"&K92&"|"&L92&"|"&M92&"|"&N92&"|"&O92&"|"&P92 | R92: =IF(COUNTIF($Q$2:$Q$1409,Q92)>1,IF(COUNTIF($Q$2:Q92,Q92)=1,"Exact Duplicate - Keep First","Exact Duplicate - Remove"),"Unique")
... A99: USR-100098 | B99: 45699 | C99: Control | D99: North | E99: Desktop | F99: Organic | G99: Premium | H99: 1 | I99: 0 | J99: 0 | K99: 0 | L99: 0 | M99: 0 | N99: 0 | P99: 63.2 | Q99: =A99&"|"&B99&"|"&C99&"|"&D99&"|"&E99&"|"&F99&"|"&G99&"|"&H99&"|"&I99&"|"&J99&"|"&K99&"|"&L99&"|"&M99&"|"&N99&"|"&O99&"|"&P99 | R99: =IF(COUNTIF($Q$2:$Q$1409,Q99)>1,IF(COUNTIF($Q$2:Q99,Q99)=1,"Exact Duplicate - Keep First","Exact Duplicate - Remove"),"Unique")
A100: USR-100099 | B100: 45699 | C100: Control | D100: East | E100: Desktop | F100: Social | G100: Free | H100: 1 | I100: 1 | J100: 1 | K100: 1 | L100: 363.32 | M100: 0 | N100: 0 | O100: 9 | P100: 55.9 | Q100: =A100&"|"&B100&"|"&C100&"|"&D100&"|"&E100&"|"&F100&"|"&G100&"|"&H100&"|"&I100&"|"&J100&"|"&K100&"|"&L100&"|"&M100&"|"&N100&"|"&O100&"|"&P100 | R100: =IF(COUNTIF($Q$2:$Q$1409,Q100)>1,IF(COUNTIF($Q$2:Q100,Q100)=1,"Exact Duplicate - Keep First","Exact Duplicate - Remove"),"Unique")
A101: USR-100100 | B101: 45803 | C101: Control | D101: North | E101: Mobile | F101: Organic | G101: Free | H101: 1 | I101: 0 | J101: 0 | K101: 0 | L101: 0 | M101: 0 | N101: 0 | P101: 63.5 | Q101: =A101&"|"&B101&"|"&C101&"|"&D101&"|"&E101&"|"&F101&"|"&G101&"|"&H101&"|"&I101&"|"&J101&"|"&K101&"|"&L101&"|"&M101&"|"&N101&"|"&O101&"|"&P101 | R101: =IF(COUNTIF($Q$2:$Q$1409,Q101)>1,IF(COUNTIF($Q$2:Q101,Q101)=1,"Exact Duplicate - Keep First","Exact Duplicate - Remove"),"Unique")
A102: USR-100101 | B102: 45738 | C102: Control | D102: North | E102: Mobile | F102: Paid Search | G102: Basic | H102: 1 | I102: 0 | J102: 0 | K102: 0 | L102: 0 | M102: 0 | N102: 0 | P102: 51.5 | Q102: =A102&"|"&B102&"|"&C102&"|"&D102&"|"&E102&"|"&F102&"|"&G102&"|"&H102&"|"&I102&"|"&J102&"|"&K102&"|"&L102&"|"&M102&"|"&N102&"|"&O102&"|"&P102 | R102: =IF(COUNTIF($Q$2:$Q$1409,Q102)>1,IF(COUNTIF($Q$2:Q102,Q102)=1,"Exact Duplicate - Keep First","Exact Duplicate - Remove"),"Unique")
A103: USR-100102 | B103: 45755 | C103: Control | D103: West | E103: Mobile | F103: Paid Search | G103: Free | H103: 1 | I103: 0 | J103: 0 | K103: 0 | L103: 0 | M103: 0 | N103: 0 | P103: 74.4 | Q103: =A103&"|"&B103&"|"&C103&"|"&D103&"|"&E103&"|"&F103&"|"&G103&"|"&H103&"|"&I103&"|"&J103&"|"&K103&"|"&L103&"|"&M103&"|"&N103&"|"&O103&"|"&P103 | R103: =IF(COUNTIF($Q$2:$Q$1409,Q103)>1,IF(COUNTIF($Q$2:Q103,Q103)=1,"Exact Duplicate - Keep First","Exact Duplicate - Remove"),"Unique")
A104: USR-100103 | B104: 45761 | C104: Control | D104: North | E104: Desktop | F104: Social | G104: Free | H104: 1 | I104: 1 | J104: 1 | K104: 1 | L104: 3887.98 | M104: 0 | N104: 0 | O104: 13 | P104: 60.2 | Q104: =A104&"|"&B104&"|"&C104&"|"&D104&"|"&E104&"|"&F104&"|"&G104&"|"&H104&"|"&I104&"|"&J104&"|"&K104&"|"&L104&"|"&M104&"|"&N104&"|"&O104&"|"&P104 | R104: =IF(COUNTIF($Q$2:$Q$1409,Q104)>1,IF(COUNTIF($Q$2:Q104,Q104)=1,"Exact Duplicate - Keep First","Exact Duplicate - Remove"),"Unique")
A105: USR-100104 | B105: 45743 | C105: Control | D105: South | E105: Mobile | F105: Email | G105: Free | H105: 1 | I105: 0 | J105: 0 | K105: 0 | L105: 0 | M105: 1 | N105: 0 | P105: 67.2 | Q105: =A105&"|"&B105&"|"&C105&"|"&D105&"|"&E105&"|"&F105&"|"&G105&"|"&H105&"|"&I105&"|"&J105&"|"&K105&"|"&L105&"|"&M105&"|"&N105&"|"&O105&"|"&P105 | R105: =IF(COUNTIF($Q$2:$Q$1409,Q105)>1,IF(COUNTIF($Q$2:Q105,Q105)=1,"Exact Duplicate - Keep First","Exact Duplicate - Remove"),"Unique")
A106: USR-100105 | B106: 45662 | C106: Control | D106: South | E106: Mobile | F106: Social | G106: Free | H106: 1 | I106: 1 | J106: 1 | K106: 0 | L106: 0 | M106: 0 | N106: 0 | P106: 79.6 | Q106: =A106&"|"&B106&"|"&C106&"|"&D106&"|"&E106&"|"&F106&"|"&G106&"|"&H106&"|"&I106&"|"&J106&"|"&K106&"|"&L106&"|"&M106&"|"&N106&"|"&O106&"|"&P106 | R106: =IF(COUNTIF($Q$2:$Q$1409,Q106)>1,IF(COUNTIF($Q$2:Q106,Q106)=1,"Exact Duplicate - Keep First","Exact Duplicate - Remove"),"Unique")
A107: USR-100106 | B107: 45682 | C107: Control | D107: South | E107: Mobile | F107: Social | G107: Basic | H107: 1 | I107: 1 | J107: 1 | K107: 1 | L107: 8610.72 | M107: 0 | N107: 0 | O107: 6 | P107: 61 | Q107: =A107&"|"&B107&"|"&C107&"|"&D107&"|"&E107&"|"&F107&"|"&G107&"|"&H107&"|"&I107&"|"&J107&"|"&K107&"|"&L107&"|"&M107&"|"&N107&"|"&O107&"|"&P107 | R107: =IF(COUNTIF($Q$2:$Q$1409,Q107)>1,IF(COUNTIF($Q$2:Q107,Q107)=1,"Exact Duplicate - Keep First","Exact Duplicate - Remove"),"Unique")
A108: USR-100107 | B108: 45680 | C108: Control | D108: West | E108: Mobile | F108: Email | G108: Free | H108: 1 | I108: 1 | J108: 1 | K108: 0 | L108: 0 | M108: 4 | N108: 0 | P108: 51.1 | Q108: =A108&"|"&B108&"|"&C108&"|"&D108&"|"&E108&"|"&F108&"|"&G108&"|"&H108&"|"&I108&"|"&J108&"|"&K108&"|"&L108&"|"&M108&"|"&N108&"|"&O108&"|"&P108 | R108: =IF(COUNTIF($Q$2:$Q$1409,Q108)>1,IF(COUNTIF($Q$2:Q108,Q108)=1,"Exact Duplicate - Keep First","Exact Duplicate - Remove"),"Unique")
A109: USR-100108 | B109: 45802 | C109: Control | D109: East | E109: Desktop | F109: Referral | G109: Free | H109: 1 | I109: 0 | J109: 0 | K109: 0 | L109: 0 | M109: 0 | N109: 0 | P109: 92.1 | Q109: =A109&"|"&B109&"|"&C109&"|"&D109&"|"&E109&"|"&F109&"|"&G109&"|"&H109&"|"&I109&"|"&J109&"|"&K109&"|"&L109&"|"&M109&"|"&N109&"|"&O109&"|"&P109 | R109: =IF(COUNTIF($Q$2:$Q$1409,Q109)>1,IF(COUNTIF($Q$2:Q109,Q109)=1,"Exact Duplicate - Keep First","Exact Duplicate - Remove"),"Unique")
A110: USR-100109 | B110: 45738 | C110: Control | D110: South | E110: Mobile | F110: Referral | G110: Basic | H110: 0 | I110: 0 | J110: 0 | K110: 0 | L110: 0 | M110: 0 | N110: 0 | P110: 82.1 | Q110: =A110&"|"&B110&"|"&C110&"|"&D110&"|"&E110&"|"&F110&"|"&G110&"|"&H110&"|"&I110&"|"&J110&"|"&K110&"|"&L110&"|"&M110&"|"&N110&"|"&O110&"|"&P110 | R110: =IF(COUNTIF($Q$2:$Q$1409,Q110)>1,IF(COUNTIF($Q$2:Q110,Q110)=1,"Exact Duplicate - Keep First","Exact Duplicate - Remove"),"Unique")
A111: USR-100110 | B111: 45700 | C111: Control | D111: West | E111: Desktop | F111: Paid Search | G111: Basic | H111: 1 | I111: 0 | J111: 0 | K111: 0 | L111: 0 | M111: 1 | N111: 0 | P111: 74 | Q111: =A111&"|"&B111&"|"&C111&"|"&D111&"|"&E111&"|"&F111&"|"&G111&"|"&H111&"|"&I111&"|"&J111&"|"&K111&"|"&L111&"|"&M111&"|"&N111&"|"&O111&"|"&P111 | R111: =IF(COUNTIF($Q$2:$Q$1409,Q111)>1,IF(COUNTIF($Q$2:Q111,Q111)=1,"Exact Duplicate - Keep First","Exact Duplicate - Remove"),"Unique")
A112: USR-100111 | B112: 45775 | C112: Control | D112: West | E112: Desktop | F112: Organic | G112: Basic | H112: 1 | I112: 0 | J112: 0 | K112: 0 | L112: 0 | M112: 0 | N112: 0 | P112: 63.4 | Q112: =A112&"|"&B112&"|"&C112&"|"&D112&"|"&E112&"|"&F112&"|"&G112&"|"&H112&"|"&I112&"|"&J112&"|"&K112&"|"&L112&"|"&M112&"|"&N112&"|"&O112&"|"&P112 | R112: =IF(COUNTIF($Q$2:$Q$1409,Q112)>1,IF(COUNTIF($Q$2:Q112,Q112)=1,"Exact Duplicate - Keep First","Exact Duplicate - Remove"),"Unique")
A113: USR-100112 | B113: 45687 | C113: Control | D113: North | E113: Mobile | F113: Organic | G113: Basic | H113: 1 | I113: 0 | J113: 0 | K113: 0 | L113: 0 | M113: 0 | N113: 0 | P113: 53.2 | Q113: =A113&"|"&B113&"|"&C113&"|"&D113&"|"&E113&"|"&F113&"|"&G113&"|"&H113&"|"&I113&"|"&J113&"|"&K113&"|"&L113&"|"&M113&"|"&N113&"|"&O113&"|"&P113 | R113: =IF(COUNTIF($Q$2:$Q$1409,Q113)>1,IF(COUNTIF($Q$2:Q113,Q113)=1,"Exact Duplicate - Keep First","Exact Duplicate - Remove"),"Unique")
A114: USR-100113 | B114: 45796 | C114: Control | D114: East | E114: Tablet | F114: Paid Search | G114: Free | H114: 0 | I114: 0 | J114: 0 | K114: 0 | L114: 0 | M114: 0 | N114: 0 | P114: 48.1 | Q114: =A114&"|"&B114&"|"&C114&"|"&D114&"|"&E114&"|"&F114&"|"&G114&"|"&H114&"|"&I114&"|"&J114&"|"&K114&"|"&L114&"|"&M114&"|"&N114&"|"&O114&"|"&P114 | R114: =IF(COUNTIF($Q$2:$Q$1409,Q114)>1,IF(COUNTIF($Q$2:Q114,Q114)=1,"Exact Duplicate - Keep First","Exact Duplicate - Remove"),"Unique")
A115: USR-100114 | B115: 45680 | C115: Control | D115: South | E115: Mobile | F115: Social | G115: Free | H115: 1 | I115: 1 | J115: 0 | K115: 0 | L115: 0 | M115: 0 | N115: 0 | P115: 61.5 | Q115: =A115&"|"&B115&"|"&C115&"|"&D115&"|"&E115&"|"&F115&"|"&G115&"|"&H115&"|"&I115&"|"&J115&"|"&K115&"|"&L115&"|"&M115&"|"&N115&"|"&O115&"|"&P115 | R115: =IF(COUNTIF($Q$2:$Q$1409,Q115)>1,IF(COUNTIF($Q$2:Q115,Q115)=1,"Exact Duplicate - Keep First","Exact Duplicate - Remove"),"Unique")
A116: USR-100115 | B116: 45744 | C116: Control | D116: East | E116: Desktop | F116: Social | G116: Free | H116: 1 | I116: 0 | J116: 0 | K116: 0 | L116: 0 | M116: 0 | N116: 0 | P116: 63.2 | Q116: =A116&"|"&B116&"|"&C116&"|"&D116&"|"&E116&"|"&F116&"|"&G116&"|"&H116&"|"&I116&"|"&J116&"|"&K116&"|"&L116&"|"&M116&"|"&N116&"|"&O116&"|"&P116 | R116: =IF(COUNTIF($Q$2:$Q$1409,Q116)>1,IF(COUNTIF($Q$2:Q116,Q116)=1,"Exact Duplicate - Keep First","Exact Duplicate - Remove"),"Unique")
A117: USR-100116 | B117: 45668 | C117: Control | D117: West | E117: Mobile | F117: Organic | G117: Free | H117: 0 | I117: 0 | J117: 0 | K117: 0 | L117: 0 | M117: 0 | N117: 0 | P117: 71.9 | Q117: =A117&"|"&B117&"|"&C117&"|"&D117&"|"&E117&"|"&F117&"|"&G117&"|"&H117&"|"&I117&"|"&J117&"|"&K117&"|"&L117&"|"&M117&"|"&N117&"|"&O117&"|"&P117 | R117: =IF(COUNTIF($Q$2:$Q$1409,Q117)>1,IF(COUNTIF($Q$2:Q117,Q117)=1,"Exact Duplicate - Keep First","Exact Duplicate - Remove"),"Unique")
A118: USR-100117 | B118: 45758 | C118: Control | D118: North | E118: Mobile | F118: Referral | G118: Free | H118: 0 | I118: 0 | J118: 0 | K118: 0 | L118: 0 | M118: 0 | N118: 0 | P118: 62.7 | Q118: =A118&"|"&B118&"|"&C118&"|"&D118&"|"&E118&"|"&F118&"|"&G118&"|"&H118&"|"&I118&"|"&J118&"|"&K118&"|"&L118&"|"&M118&"|"&N118&"|"&O118&"|"&P118 | R118: =IF(COUNTIF($Q$2:$Q$1409,Q118)>1,IF(COUNTIF($Q$2:Q118,Q118)=1,"Exact Duplicate - Keep First","Exact Duplicate - Remove"),"Unique")
A119: USR-100118 | B119: 45659 | C119: Control | D119: West | E119: Mobile | F119: Paid Search | G119: Free | H119: 1 | I119: 0 | J119: 0 | K119: 0 | L119: 0 | M119: 0 | N119: 0 | P119: 51.5 | Q119: =A119&"|"&B119&"|"&C119&"|"&D119&"|"&E119&"|"&F119&"|"&G119&"|"&H119&"|"&I119&"|"&J119&"|"&K119&"|"&L119&"|"&M119&"|"&N119&"|"&O119&"|"&P119 | R119: =IF(COUNTIF($Q$2:$Q$1409,Q119)>1,IF(COUNTIF($Q$2:Q119,Q119)=1,"Exact Duplicate - Keep First","Exact Duplicate - Remove"),"Unique")
... A124: USR-100123 | B124: 45769 | C124: Control | D124: South | E124: Mobile | F124: Referral | G124: Basic | H124: 0 | I124: 0 | J124: 0 | K124: 0 | L124: 0 | M124: 0 | N124: 0 | P124: 36.1 | Q124: =A124&"|"&B124&"|"&C124&"|"&D124&"|"&E124&"|"&F124&"|"&G124&"|"&H124&"|"&I124&"|"&J124&"|"&K124&"|"&L124&"|"&M124&"|"&N124&"|"&O124&"|"&P124 | R124: =IF(COUNTIF($Q$2:$Q$1409,Q124)>1,IF(COUNTIF($Q$2:Q124,Q124)=1,"Exact Duplicate - Keep First","Exact Duplicate - Remove"),"Unique")
A125: USR-100124 | B125: 45807 | C125: Control | D125: West | F125: Email | G125: Basic | H125: 1 | I125: 1 | J125: 0 | K125: 0 | L125: 0 | M125: 0 | N125: 0 | P125: 47.9 | Q125: =A125&"|"&B125&"|"&C125&"|"&D125&"|"&E125&"|"&F125&"|"&G125&"|"&H125&"|"&I125&"|"&J125&"|"&K125&"|"&L125&"|"&M125&"|"&N125&"|"&O125&"|"&P125 | R125: =IF(COUNTIF($Q$2:$Q$1409,Q125)>1,IF(COUNTIF($Q$2:Q125,Q125)=1,"Exact Duplicate - Keep First","Exact Duplicate - Remove"),"Unique")
A126: USR-100125 | B126: 45795 | C126: Control | D126: West | E126: Desktop | F126: Organic | G126: Premium | H126: 1 | I126: 0 | J126: 0 | K126: 0 | L126: 0 | M126: 0 | N126: 0 | P126: 62.5 | Q126: =A126&"|"&B126&"|"&C126&"|"&D126&"|"&E126&"|"&F126&"|"&G126&"|"&H126&"|"&I126&"|"&J126&"|"&K126&"|"&L126&"|"&M126&"|"&N126&"|"&O126&"|"&P126 | R126: =IF(COUNTIF($Q$2:$Q$1409,Q126)>1,IF(COUNTIF($Q$2:Q126,Q126)=1,"Exact Duplicate - Keep First","Exact Duplicate - Remove"),"Unique")
A127: USR-100126 | B127: 45670 | C127: Control | D127: South | E127: Desktop | F127: Paid Search | G127: Premium | H127: 1 | I127: 0 | J127: 0 | K127: 0 | L127: 0 | M127: 0 | N127: 0 | P127: 56.9 | Q127: =A127&"|"&B127&"|"&C127&"|"&D127&"|"&E127&"|"&F127&"|"&G127&"|"&H127&"|"&I127&"|"&J127&"|"&K127&"|"&L127&"|"&M127&"|"&N127&"|"&O127&"|"&P127 | R127: =IF(COUNTIF($Q$2:$Q$1409,Q127)>1,IF(COUNTIF($Q$2:Q127,Q127)=1,"Exact Duplicate - Keep First","Exact Duplicate - Remove"),"Unique")
A128: USR-100127 | B128: 45741 | C128: Control | D128: North | E128: Desktop | F128: Email | G128: Free | H128: 0 | I128: 0 | J128: 0 | K128: 0 | L128: 0 | M128: 0 | N128: 0 | P128: 64.7 | Q128: =A128&"|"&B128&"|"&C128&"|"&D128&"|"&E128&"|"&F128&"|"&G128&"|"&H128&"|"&I128&"|"&J128&"|"&K128&"|"&L128&"|"&M128&"|"&N128&"|"&O128&"|"&P128 | R128: =IF(COUNTIF($Q$2:$Q$1409,Q128)>1,IF(COUNTIF($Q$2:Q128,Q128)=1,"Exact Duplicate - Keep First","Exact Duplicate - Remove"),"Unique")
A129: USR-100128 | B129: 45776 | C129: Control | D129: South | E129: Desktop | F129: Organic | G129: Free | H129: 1 | I129: 1 | J129: 1 | K129: 0 | L129: 0 | M129: 0 | N129: 0 | P129: 64 | Q129: =A129&"|"&B129&"|"&C129&"|"&D129&"|"&E129&"|"&F129&"|"&G129&"|"&H129&"|"&I129&"|"&J129&"|"&K129&"|"&L129&"|"&M129&"|"&N129&"|"&O129&"|"&P129 | R129: =IF(COUNTIF($Q$2:$Q$1409,Q129)>1,IF(COUNTIF($Q$2:Q129,Q129)=1,"Exact Duplicate - Keep First","Exact Duplicate - Remove"),"Unique")
A130: USR-100129 | B130: 45794 | C130: Control | D130: East | E130: Mobile | F130: Referral | G130: Basic | H130: 1 | I130: 1 | J130: 1 | K130: 0 | L130: 0 | M130: 0 | N130: 0 | P130: 75.2 | Q130: =A130&"|"&B130&"|"&C130&"|"&D130&"|"&E130&"|"&F130&"|"&G130&"|"&H130&"|"&I130&"|"&J130&"|"&K130&"|"&L130&"|"&M130&"|"&N130&"|"&O130&"|"&P130 | R130: =IF(COUNTIF($Q$2:$Q$1409,Q130)>1,IF(COUNTIF($Q$2:Q130,Q130)=1,"Exact Duplicate - Keep First","Exact Duplicate - Remove"),"Unique")
A131: USR-100130 | B131: 45659 | C131: Control | D131: North | E131: Mobile | F131: Paid Search | G131: Free | H131: 1 | I131: 0 | J131: 0 | K131: 0 | L131: 0 | M131: 1 | N131: 0 | P131: 79 | Q131: =A131&"|"&B131&"|"&C131&"|"&D131&"|"&E131&"|"&F131&"|"&G131&"|"&H131&"|"&I131&"|"&J131&"|"&K131&"|"&L131&"|"&M131&"|"&N131&"|"&O131&"|"&P131 | R131: =IF(COUNTIF($Q$2:$Q$1409,Q131)>1,IF(COUNTIF($Q$2:Q131,Q131)=1,"Exact Duplicate - Keep First","Exact Duplicate - Remove"),"Unique")
A132: USR-100131 | B132: 45691 | C132: Control | D132: South | E132: Mobile | F132: Organic | G132: Free | H132: 0 | I132: 0 | J132: 0 | K132: 0 | L132: 0 | M132: 0 | N132: 0 | P132: 33 | Q132: =A132&"|"&B132&"|"&C132&"|"&D132&"|"&E132&"|"&F132&"|"&G132&"|"&H132&"|"&I132&"|"&J132&"|"&K132&"|"&L132&"|"&M132&"|"&N132&"|"&O132&"|"&P132 | R132: =IF(COUNTIF($Q$2:$Q$1409,Q132)>1,IF(COUNTIF($Q$2:Q132,Q132)=1,"Exact Duplicate - Keep First","Exact Duplicate - Remove"),"Unique")
A133: USR-100132 | B133: 45720 | C133: Control | D133: East | E133: Mobile | F133: Organic | G133: Free | H133: 1 | I133: 0 | J133: 0 | K133: 0 | L133: 0 | M133: 0 | N133: 0 | P133: 67.9 | Q133: =A133&"|"&B133&"|"&C133&"|"&D133&"|"&E133&"|"&F133&"|"&G133&"|"&H133&"|"&I133&"|"&J133&"|"&K133&"|"&L133&"|"&M133&"|"&N133&"|"&O133&"|"&P133 | R133: =IF(COUNTIF($Q$2:$Q$1409,Q133)>1,IF(COUNTIF($Q$2:Q133,Q133)=1,"Exact Duplicate - Keep First","Exact Duplicate - Remove"),"Unique")
A134: USR-100133 | B134: 45683 | C134: Control | D134: South | E134: Mobile | F134: Paid Search | G134: Basic | H134: 0 | I134: 0 | J134: 0 | K134: 0 | L134: 0 | M134: 0 | N134: 0 | P134: 42.2 | Q134: =A134&"|"&B134&"|"&C134&"|"&D134&"|"&E134&"|"&F134&"|"&G134&"|"&H134&"|"&I134&"|"&J134&"|"&K134&"|"&L134&"|"&M134&"|"&N134&"|"&O134&"|"&P134 | R134: =IF(COUNTIF($Q$2:$Q$1409,Q134)>1,IF(COUNTIF($Q$2:Q134,Q134)=1,"Exact Duplicate - Keep First","Exact Duplicate - Remove"),"Unique")
A135: USR-100134 | B135: 45789 | C135: Control | D135: West | E135: Mobile | F135: Paid Search | G135: Basic | H135: 1 | I135: 1 | J135: 1 | K135: 0 | L135: 0 | M135: 0 | N135: 0 | P135: 43.4 | Q135: =A135&"|"&B135&"|"&C135&"|"&D135&"|"&E135&"|"&F135&"|"&G135&"|"&H135&"|"&I135&"|"&J135&"|"&K135&"|"&L135&"|"&M135&"|"&N135&"|"&O135&"|"&P135 | R135: =IF(COUNTIF($Q$2:$Q$1409,Q135)>1,IF(COUNTIF($Q$2:Q135,Q135)=1,"Exact Duplicate - Keep First","Exact Duplicate - Remove"),"Unique")
A136: USR-100135 | B136: 45722 | C136: Control | D136: North | E136: Mobile | F136: Organic | G136: Basic | H136: 0 | I136: 0 | J136: 0 | K136: 0 | L136: 0 | M136: 0 | N136: 0 | P136: 54.4 | Q136: =A136&"|"&B136&"|"&C136&"|"&D136&"|"&E136&"|"&F136&"|"&G136&"|"&H136&"|"&I136&"|"&J136&"|"&K136&"|"&L136&"|"&M136&"|"&N136&"|"&O136&"|"&P136 | R136: =IF(COUNTIF($Q$2:$Q$1409,Q136)>1,IF(COUNTIF($Q$2:Q136,Q136)=1,"Exact Duplicate - Keep First","Exact Duplicate - Remove"),"Unique")
A137: USR-100136 | B137: 45726 | C137: Control | D137: South | E137: Desktop | F137: Email | G137: Premium | H137: 0 | I137: 0 | J137: 0 | K137: 0 | L137: 0 | M137: 0 | N137: 0 | P137: 45.7 | Q137: =A137&"|"&B137&"|"&C137&"|"&D137&"|"&E137&"|"&F137&"|"&G137&"|"&H137&"|"&I137&"|"&J137&"|"&K137&"|"&L137&"|"&M137&"|"&N137&"|"&O137&"|"&P137 | R137: =IF(COUNTIF($Q$2:$Q$1409,Q137)>1,IF(COUNTIF($Q$2:Q137,Q137)=1,"Exact Duplicate - Keep First","Exact Duplicate - Remove"),"Unique")
... A142: USR-100141 | B142: 45676 | C142: Control | D142: South | E142: Mobile | F142: Organic | G142: Free | H142: 0 | I142: 0 | J142: 0 | K142: 0 | L142: 0 | M142: 0 | N142: 0 | P142: 49.6 | Q142: =A142&"|"&B142&"|"&C142&"|"&D142&"|"&E142&"|"&F142&"|"&G142&"|"&H142&"|"&I142&"|"&J142&"|"&K142&"|"&L142&"|"&M142&"|"&N142&"|"&O142&"|"&P142 | R142: =IF(COUNTIF($Q$2:$Q$1409,Q142)>1,IF(COUNTIF($Q$2:Q142,Q142)=1,"Exact Duplicate - Keep First","Exact Duplicate - Remove"),"Unique")
A143: USR-100142 | B143: 45750 | C143: Control | D143: West | E143: Desktop | F143: Social | G143: Free | H143: 1 | I143: 1 | J143: 1 | K143: 1 | L143: 404.4 | M143: 0 | N143: 0 | O143: 9 | P143: 80.6 | Q143: =A143&"|"&B143&"|"&C143&"|"&D143&"|"&E143&"|"&F143&"|"&G143&"|"&H143&"|"&I143&"|"&J143&"|"&K143&"|"&L143&"|"&M143&"|"&N143&"|"&O143&"|"&P143 | R143: =IF(COUNTIF($Q$2:$Q$1409,Q143)>1,IF(COUNTIF($Q$2:Q143,Q143)=1,"Exact Duplicate - Keep First","Exact Duplicate - Remove"),"Unique")
A144: USR-100143 | B144: 45754 | C144: Control | D144: North | E144: Mobile | F144: Paid Search | G144: Free | H144: 1 | I144: 0 | J144: 0 | K144: 0 | L144: 0 | M144: 0 | N144: 0 | P144: 47.9 | Q144: =A144&"|"&B144&"|"&C144&"|"&D144&"|"&E144&"|"&F144&"|"&G144&"|"&H144&"|"&I144&"|"&J144&"|"&K144&"|"&L144&"|"&M144&"|"&N144&"|"&O144&"|"&P144 | R144: =IF(COUNTIF($Q$2:$Q$1409,Q144)>1,IF(COUNTIF($Q$2:Q144,Q144)=1,"Exact Duplicate - Keep First","Exact Duplicate - Remove"),"Unique")
A145: USR-100144 | B145: 45663 | C145: Control | D145: East | E145: Mobile | F145: Paid Search | G145: Basic | H145: 1 | I145: 1 | J145: 0 | K145: 0 | L145: 0 | M145: 0 | N145: 0 | P145: 54.8 | Q145: =A145&"|"&B145&"|"&C145&"|"&D145&"|"&E145&"|"&F145&"|"&G145&"|"&H145&"|"&I145&"|"&J145&"|"&K145&"|"&L145&"|"&M145&"|"&N145&"|"&O145&"|"&P145 | R145: =IF(COUNTIF($Q$2:$Q$1409,Q145)>1,IF(COUNTIF($Q$2:Q145,Q145)=1,"Exact Duplicate - Keep First","Exact Duplicate - Remove"),"Unique")
A146: USR-100145 | B146: 45758 | C146: Control | D146: East | E146: Mobile | F146: Organic | G146: Free | H146: 1 | I146: 0 | J146: 0 | K146: 0 | L146: 0 | M146: 1 | N146: 0 | P146: 53.9 | Q146: =A146&"|"&B146&"|"&C146&"|"&D146&"|"&E146&"|"&F146&"|"&G146&"|"&H146&"|"&I146&"|"&J146&"|"&K146&"|"&L146&"|"&M146&"|"&N146&"|"&O146&"|"&P146 | R146: =IF(COUNTIF($Q$2:$Q$1409,Q146)>1,IF(COUNTIF($Q$2:Q146,Q146)=1,"Exact Duplicate - Keep First","Exact Duplicate - Remove"),"Unique")
A147: USR-100146 | B147: 45770 | C147: Control | D147: East | E147: Mobile | F147: Paid Search | G147: Free | H147: 1 | I147: 0 | J147: 0 | K147: 0 | L147: 0 | M147: 0 | N147: 0 | P147: 41.3 | Q147: =A147&"|"&B147&"|"&C147&"|"&D147&"|"&E147&"|"&F147&"|"&G147&"|"&H147&"|"&I147&"|"&J147&"|"&K147&"|"&L147&"|"&M147&"|"&N147&"|"&O147&"|"&P147 | R147: =IF(COUNTIF($Q$2:$Q$1409,Q147)>1,IF(COUNTIF($Q$2:Q147,Q147)=1,"Exact Duplicate - Keep First","Exact Duplicate - Remove"),"Unique")
A148: USR-100147 | B148: 45741 | C148: Control | D148: West | E148: Mobile | F148: Organic | G148: Basic | H148: 1 | I148: 1 | J148: 0 | K148: 0 | L148: 0 | M148: 0 | N148: 0 | P148: 38.9 | Q148: =A148&"|"&B148&"|"&C148&"|"&D148&"|"&E148&"|"&F148&"|"&G148&"|"&H148&"|"&I148&"|"&J148&"|"&K148&"|"&L148&"|"&M148&"|"&N148&"|"&O148&"|"&P148 | R148: =IF(COUNTIF($Q$2:$Q$1409,Q148)>1,IF(COUNTIF($Q$2:Q148,Q148)=1,"Exact Duplicate - Keep First","Exact Duplicate - Remove"),"Unique")
A149: USR-100148 | B149: 45802 | C149: Control | D149: South | E149: Desktop | F149: Organic | G149: Basic | H149: 1 | I149: 0 | J149: 0 | K149: 0 | L149: 0 | M149: 0 | N149: 0 | P149: 63.6 | Q149: =A149&"|"&B149&"|"&C149&"|"&D149&"|"&E149&"|"&F149&"|"&G149&"|"&H149&"|"&I149&"|"&J149&"|"&K149&"|"&L149&"|"&M149&"|"&N149&"|"&O149&"|"&P149 | R149: =IF(COUNTIF($Q$2:$Q$1409,Q149)>1,IF(COUNTIF($Q$2:Q149,Q149)=1,"Exact Duplicate - Keep First","Exact Duplicate - Remove"),"Unique")
A150: USR-100149 | B150: 45685 | C150: Control | D150: North | E150: Mobile | F150: Organic | G150: Free | H150: 1 | I150: 1 | J150: 1 | K150: 1 | L150: 577.94 | M150: 0 | N150: 0 | O150: 9 | P150: 76.6 | Q150: =A150&"|"&B150&"|"&C150&"|"&D150&"|"&E150&"|"&F150&"|"&G150&"|"&H150&"|"&I150&"|"&J150&"|"&K150&"|"&L150&"|"&M150&"|"&N150&"|"&O150&"|"&P150 | R150: =IF(COUNTIF($Q$2:$Q$1409,Q150)>1,IF(COUNTIF($Q$2:Q150,Q150)=1,"Exact Duplicate - Keep First","Exact Duplicate - Remove"),"Unique")
A151: USR-100150 | B151: 45700 | C151: Control | D151: West | E151: Mobile | F151: Paid Search | G151: Premium | H151: 0 | I151: 0 | J151: 0 | K151: 0 | L151: 0 | M151: 1 | N151: 0 | P151: 67.6 | Q151: =A151&"|"&B151&"|"&C151&"|"&D151&"|"&E151&"|"&F151&"|"&G151&"|"&H151&"|"&I151&"|"&J151&"|"&K151&"|"&L151&"|"&M151&"|"&N151&"|"&O151&"|"&P151 | R151: =IF(COUNTIF($Q$2:$Q$1409,Q151)>1,IF(COUNTIF($Q$2:Q151,Q151)=1,"Exact Duplicate - Keep First","Exact Duplicate - Remove"),"Unique")
A152: USR-100151 | B152: 45776 | C152: Control | D152: North | E152: Mobile | F152: Social | G152: Premium | H152: 1 | I152: 0 | J152: 0 | K152: 0 | L152: 0 | M152: 0 | N152: 0 | P152: 43.1 | Q152: =A152&"|"&B152&"|"&C152&"|"&D152&"|"&E152&"|"&F152&"|"&G152&"|"&H152&"|"&I152&"|"&J152&"|"&K152&"|"&L152&"|"&M152&"|"&N152&"|"&O152&"|"&P152 | R152: =IF(COUNTIF($Q$2:$Q$1409,Q152)>1,IF(COUNTIF($Q$2:Q152,Q152)=1,"Exact Duplicate - Keep First","Exact Duplicate - Remove"),"Unique")
A153: USR-100152 | B153: 45729 | C153: Control | D153: South | E153: Mobile | F153: Email | G153: Free | H153: 1 | I153: 0 | J153: 0 | K153: 0 | L153: 0 | M153: 0 | N153: 0 | P153: 58.3 | Q153: =A153&"|"&B153&"|"&C153&"|"&D153&"|"&E153&"|"&F153&"|"&G153&"|"&H153&"|"&I153&"|"&J153&"|"&K153&"|"&L153&"|"&M153&"|"&N153&"|"&O153&"|"&P153 | R153: =IF(COUNTIF($Q$2:$Q$1409,Q153)>1,IF(COUNTIF($Q$2:Q153,Q153)=1,"Exact Duplicate - Keep First","Exact Duplicate - Remove"),"Unique")
A154: USR-100153 | B154: 45692 | C154: Control | D154: East | E154: Desktop | F154: Paid Search | G154: Free | H154: 1 | I154: 0 | J154: 0 | K154: 0 | L154: 0 | M154: 0 | N154: 0 | P154: 69.8 | Q154: =A154&"|"&B154&"|"&C154&"|"&D154&"|"&E154&"|"&F154&"|"&G154&"|"&H154&"|"&I154&"|"&J154&"|"&K154&"|"&L154&"|"&M154&"|"&N154&"|"&O154&"|"&P154 | R154: =IF(COUNTIF($Q$2:$Q$1409,Q154)>1,IF(COUNTIF($Q$2:Q154,Q154)=1,"Exact Duplicate - Keep First","Exact Duplicate - Remove"),"Unique")
A155: USR-100154 | B155: 45720 | C155: Control | D155: South | E155: Mobile | F155: Referral | G155: Free | H155: 1 | I155: 1 | J155: 0 | K155: 0 | L155: 0 | M155: 0 | N155: 0 | Q155: =A155&"|"&B155&"|"&C155&"|"&D155&"|"&E155&"|"&F155&"|"&G155&"|"&H155&"|"&I155&"|"&J155&"|"&K155&"|"&L155&"|"&M155&"|"&N155&"|"&O155&"|"&P155 | R155: =IF(COUNTIF($Q$2:$Q$1409,Q155)>1,IF(COUNTIF($Q$2:Q155,Q155)=1,"Exact Duplicate - Keep First","Exact Duplicate - Remove"),"Unique")
A156: USR-100155 | B156: 45692 | C156: Control | D156: West | E156: Mobile | F156: Paid Search | G156: Basic | H156: 1 | I156: 1 | J156: 0 | K156: 0 | L156: 0 | M156: 0 | N156: 0 | P156: 41.9 | Q156: =A156&"|"&B156&"|"&C156&"|"&D156&"|"&E156&"|"&F156&"|"&G156&"|"&H156&"|"&I156&"|"&J156&"|"&K156&"|"&L156&"|"&M156&"|"&N156&"|"&O156&"|"&P156 | R156: =IF(COUNTIF($Q$2:$Q$1409,Q156)>1,IF(COUNTIF($Q$2:Q156,Q156)=1,"Exact Duplicate - Keep First","Exact Duplicate - Remove"),"Unique")
A157: USR-100156 | B157: 45727 | C157: Control | D157: North | E157: Desktop | F157: Organic | G157: Free | H157: 0 | I157: 0 | J157: 0 | K157: 0 | L157: 0 | M157: 0 | N157: 0 | P157: 33.1 | Q157: =A157&"|"&B157&"|"&C157&"|"&D157&"|"&E157&"|"&F157&"|"&G157&"|"&H157&"|"&I157&"|"&J157&"|"&K157&"|"&L157&"|"&M157&"|"&N157&"|"&O157&"|"&P157 | R157: =IF(COUNTIF($Q$2:$Q$1409,Q157)>1,IF(COUNTIF($Q$2:Q157,Q157)=1,"Exact Duplicate - Keep First","Exact Duplicate - Remove"),"Unique")
A158: USR-100157 | B158: 45769 | C158: Control | D158: West | E158: Mobile | F158: Organic | G158: Free | H158: 0 | I158: 0 | J158: 0 | K158: 0 | L158: 0 | M158: 0 | N158: 0 | P158: 58.6 | Q158: =A158&"|"&B158&"|"&C158&"|"&D158&"|"&E158&"|"&F158&"|"&G158&"|"&H158&"|"&I158&"|"&J158&"|"&K158&"|"&L158&"|"&M158&"|"&N158&"|"&O158&"|"&P158 | R158: =IF(COUNTIF($Q$2:$Q$1409,Q158)>1,IF(COUNTIF($Q$2:Q158,Q158)=1,"Exact Duplicate - Keep First","Exact Duplicate - Remove"),"Unique")
A159: USR-100158 | B159: 45724 | C159: Control | D159: North | E159: Desktop | F159: Paid Search | G159: Free | H159: 0 | I159: 0 | J159: 0 | K159: 0 | L159: 0 | M159: 0 | N159: 0 | P159: 55.7 | Q159: =A159&"|"&B159&"|"&C159&"|"&D159&"|"&E159&"|"&F159&"|"&G159&"|"&H159&"|"&I159&"|"&J159&"|"&K159&"|"&L159&"|"&M159&"|"&N159&"|"&O159&"|"&P159 | R159: =IF(COUNTIF($Q$2:$Q$1409,Q159)>1,IF(COUNTIF($Q$2:Q159,Q159)=1,"Exact Duplicate - Keep First","Exact Duplicate - Remove"),"Unique")
A160: USR-100159 | B160: 45726 | C160: Control | D160: East | E160: Mobile | F160: Organic | G160: Free | H160: 0 | I160: 0 | J160: 0 | K160: 0 | L160: 0 | M160: 2 | N160: 0 | P160: 64.9 | Q160: =A160&"|"&B160&"|"&C160&"|"&D160&"|"&E160&"|"&F160&"|"&G160&"|"&H160&"|"&I160&"|"&J160&"|"&K160&"|"&L160&"|"&M160&"|"&N160&"|"&O160&"|"&P160 | R160: =IF(COUNTIF($Q$2:$Q$1409,Q160)>1,IF(COUNTIF($Q$2:Q160,Q160)=1,"Exact Duplicate - Keep First","Exact Duplicate - Remove"),"Unique")
A161: USR-100160 | B161: 45795 | C161: Control | D161: North | E161: Desktop | F161: Paid Search | G161: Basic | H161: 0 | I161: 0 | J161: 0 | K161: 0 | L161: 0 | M161: 0 | N161: 0 | P161: 72.3 | Q161: =A161&"|"&B161&"|"&C161&"|"&D161&"|"&E161&"|"&F161&"|"&G161&"|"&H161&"|"&I161&"|"&J161&"|"&K161&"|"&L161&"|"&M161&"|"&N161&"|"&O161&"|"&P161 | R161: =IF(COUNTIF($Q$2:$Q$1409,Q161)>1,IF(COUNTIF($Q$2:Q161,Q161)=1,"Exact Duplicate - Keep First","Exact Duplicate - Remove"),"Unique")
A162: USR-100161 | B162: 45791 | C162: Control | D162: North | E162: Mobile | F162: Social | G162: Basic | H162: 0 | I162: 0 | J162: 0 | K162: 0 | L162: 0 | M162: 0 | N162: 0 | P162: 42.1 | Q162: =A162&"|"&B162&"|"&C162&"|"&D162&"|"&E162&"|"&F162&"|"&G162&"|"&H162&"|"&I162&"|"&J162&"|"&K162&"|"&L162&"|"&M162&"|"&N162&"|"&O162&"|"&P162 | R162: =IF(COUNTIF($Q$2:$Q$1409,Q162)>1,IF(COUNTIF($Q$2:Q162,Q162)=1,"Exact Duplicate - Keep First","Exact Duplicate - Remove"),"Unique")
A163: USR-100162 | B163: 45689 | C163: Control | D163: North | E163: Mobile | F163: Organic | G163: Free | H163: 0 | I163: 0 | J163: 0 | K163: 0 | L163: 0 | M163: 0 | N163: 0 | Q163: =A163&"|"&B163&"|"&C163&"|"&D163&"|"&E163&"|"&F163&"|"&G163&"|"&H163&"|"&I163&"|"&J163&"|"&K163&"|"&L163&"|"&M163&"|"&N163&"|"&O163&"|"&P163 | R163: =IF(COUNTIF($Q$2:$Q$1409,Q163)>1,IF(COUNTIF($Q$2:Q163,Q163)=1,"Exact Duplicate - Keep First","Exact Duplicate - Remove"),"Unique")
A164: USR-100163 | B164: 45758 | C164: Control | D164: South | E164: Mobile | F164: Organic | G164: Basic | H164: 0 | I164: 0 | J164: 0 | K164: 0 | L164: 0 | M164: 1 | N164: 0 | P164: 64.8 | Q164: =A164&"|"&B164&"|"&C164&"|"&D164&"|"&E164&"|"&F164&"|"&G164&"|"&H164&"|"&I164&"|"&J164&"|"&K164&"|"&L164&"|"&M164&"|"&N164&"|"&O164&"|"&P164 | R164: =IF(COUNTIF($Q$2:$Q$1409,Q164)>1,IF(COUNTIF($Q$2:Q164,Q164)=1,"Exact Duplicate - Keep First","Exact Duplicate - Remove"),"Unique")
A165: USR-100164 | B165: 45702 | C165: Control | D165: East | E165: Mobile | F165: Organic | G165: Free | H165: 0 | I165: 0 | J165: 0 | K165: 0 | L165: 0 | M165: 0 | N165: 0 | P165: 72.1 | Q165: =A165&"|"&B165&"|"&C165&"|"&D165&"|"&E165&"|"&F165&"|"&G165&"|"&H165&"|"&I165&"|"&J165&"|"&K165&"|"&L165&"|"&M165&"|"&N165&"|"&O165&"|"&P165 | R165: =IF(COUNTIF($Q$2:$Q$1409,Q165)>1,IF(COUNTIF($Q$2:Q165,Q165)=1,"Exact Duplicate - Keep First","Exact Duplicate - Remove"),"Unique")
...

Sheet data_quality_checks
A1: Data Quality Checks – Campaign Experiment Data
A3: 1. Missing Value Summary
A4: Column | B4: Total Rows | C4: Missing Count | D4: % Missing
A5: user_id | B5: =COUNTA(raw_data!A$2:A$1409)+COUNTBLANK(raw_data!A$2:A$1409) | C5: =COUNTBLANK(raw_data!A$2:A$1409) | D5: =C5/B5
A6: signup_date | B6: =COUNTA(raw_data!B$2:B$1409)+COUNTBLANK(raw_data!B$2:B$1409) | C6: =COUNTBLANK(raw_data!B$2:B$1409) | D6: =C6/B6
A7: experiment_group | B7: =COUNTA(raw_data!C$2:C$1409)+COUNTBLANK(raw_data!C$2:C$1409) | C7: =COUNTBLANK(raw_data!C$2:C$1409) | D7: =C7/B7
A8: region | B8: =COUNTA(raw_data!D$2:D$1409)+COUNTBLANK(raw_data!D$2:D$1409) | C8: =COUNTBLANK(raw_data!D$2:D$1409) | D8: =C8/B8
A9: device_type | B9: =COUNTA(raw_data!E$2:E$1409)+COUNTBLANK(raw_data!E$2:E$1409) | C9: =COUNTBLANK(raw_data!E$2:E$1409) | D9: =C9/B9
A10: traffic_source | B10: =COUNTA(raw_data!F$2:F$1409)+COUNTBLANK(raw_data!F$2:F$1409) | C10: =COUNTBLANK(raw_data!F$2:F$1409) | D10: =C10/B10
A11: plan_type | B11: =COUNTA(raw_data!G$2:G$1409)+COUNTBLANK(raw_data!G$2:G$1409) | C11: =COUNTBLANK(raw_data!G$2:G$1409) | D11: =C11/B11
A12: visited_landing_page | B12: =COUNTA(raw_data!H$2:H$1409)+COUNTBLANK(raw_data!H$2:H$1409) | C12: =COUNTBLANK(raw_data!H$2:H$1409) | D12: =C12/B12
A13: started_trial | B13: =COUNTA(raw_data!I$2:I$1409)+COUNTBLANK(raw_data!I$2:I$1409) | C13: =COUNTBLANK(raw_data!I$2:I$1409) | D13: =C13/B13
A14: completed_onboarding | B14: =COUNTA(raw_data!J$2:J$1409)+COUNTBLANK(raw_data!J$2:J$1409) | C14: =COUNTBLANK(raw_data!J$2:J$1409) | D14: =C14/B14
A15: converted_to_paid | B15: =COUNTA(raw_data!K$2:K$1409)+COUNTBLANK(raw_data!K$2:K$1409) | C15: =COUNTBLANK(raw_data!K$2:K$1409) | D15: =C15/B15
A16: revenue_30d | B16: =COUNTA(raw_data!L$2:L$1409)+COUNTBLANK(raw_data!L$2:L$1409) | C16: =COUNTBLANK(raw_data!L$2:L$1409) | D16: =C16/B16
A17: support_tickets_30d | B17: =COUNTA(raw_data!M$2:M$1409)+COUNTBLANK(raw_data!M$2:M$1409) | C17: =COUNTBLANK(raw_data!M$2:M$1409) | D17: =C17/B17
A18: refund_requested | B18: =COUNTA(raw_data!N$2:N$1409)+COUNTBLANK(raw_data!N$2:N$1409) | C18: =COUNTBLANK(raw_data!N$2:N$1409) | D18: =C18/B18
A19: days_to_convert | B19: =COUNTA(raw_data!O$2:O$1409)+COUNTBLANK(raw_data!O$2:O$1409) | C19: =COUNTBLANK(raw_data!O$2:O$1409) | D19: =C19/B19
A20: engagement_score | B20: =COUNTA(raw_data!P$2:P$1409)+COUNTBLANK(raw_data!P$2:P$1409) | C20: =COUNTBLANK(raw_data!P$2:P$1409) | D20: =C20/B20
A22: 2. Duplicate Checks
A23: Total raw rows | B23: =COUNTA(raw_data!A2:A1409)
A24: Distinct user_ids | B24: =SUMPRODUCT(1/COUNTIF(raw_data!A2:A1409,raw_data!A2:A1409))
A25: Duplicate user_id rows (extra occurrences) | B25: =B23-B24
A27: 3. Invalid Binary Value Checks (should only contain 0/1)
A28: Column | B28: Invalid (not 0 or 1) count
A29: visited_landing_page | B29: =SUMPRODUCT((raw_data!H2:H1409<>0)*(raw_data!H2:H1409<>1))
A30: started_trial | B30: =SUMPRODUCT((raw_data!I2:I1409<>0)*(raw_data!I2:I1409<>1))
A31: completed_onboarding | B31: =SUMPRODUCT((raw_data!J2:J1409<>0)*(raw_data!J2:J1409<>1))
A32: converted_to_paid | B32: =SUMPRODUCT((raw_data!K2:K1409<>0)*(raw_data!K2:K1409<>1))
A33: refund_requested | B33: =SUMPRODUCT((raw_data!N2:N1409<>0)*(raw_data!N2:N1409<>1))
A35: 4. Group Counts
A36: Control (raw, incl. duplicates) | B36: =COUNTIF(raw_data!C2:C1409,"Control")
A37: Treatment (raw, incl. duplicates) | B37: =COUNTIF(raw_data!C2:C1409,"Treatment")
A39: 5. Revenue Outlier Check (converted users, IQR method)
A40: Q1 revenue (converted users) | B40: =QUARTILE(IF(raw_data!K2:K1409=1,raw_data!L2:L1409),1)
A41: Q3 revenue (converted users) | B41: =QUARTILE(IF(raw_data!K2:K1409=1,raw_data!L2:L1409),3)
A42: IQR Upper Bound (Q3 + 1.5*IQR) | B42: =B41+1.5*(B41-B40)
A43: Count of converted users above upper bound (flagged as outliers) | B43: =SUMPRODUCT((raw_data!K2:K1409=1)*(raw_data!L2:L1409>B42))
A45: 6. Segment Distribution Across Groups (counts)
A46: -- region --
A47: Value | B47: Control | C47: Treatment
A48: East | B48: =COUNTIFS(raw_data!D2:D1409,A48,raw_data!C2:C1409,"Control") | C48: =COUNTIFS(raw_data!D2:D1409,A48,raw_data!C2:C1409,"Treatment")
A49: North | B49: =COUNTIFS(raw_data!D2:D1409,A49,raw_data!C2:C1409,"Control") | C49: =COUNTIFS(raw_data!D2:D1409,A49,raw_data!C2:C1409,"Treatment")
A50: South | B50: =COUNTIFS(raw_data!D2:D1409,A50,raw_data!C2:C1409,"Control") | C50: =COUNTIFS(raw_data!D2:D1409,A50,raw_data!C2:C1409,"Treatment")
A51: West | B51: =COUNTIFS(raw_data!D2:D1409,A51,raw_data!C2:C1409,"Control") | C51: =COUNTIFS(raw_data!D2:D1409,A51,raw_data!C2:C1409,"Treatment")
A53: -- device_type --
A54: Value | B54: Control | C54: Treatment
A55: Desktop | B55: =COUNTIFS(raw_data!E2:E1409,A55,raw_data!C2:C1409,"Control") | C55: =COUNTIFS(raw_data!E2:E1409,A55,raw_data!C2:C1409,"Treatment")
A56: Mobile | B56: =COUNTIFS(raw_data!E2:E1409,A56,raw_data!C2:C1409,"Control") | C56: =COUNTIFS(raw_data!E2:E1409,A56,raw_data!C2:C1409,"Treatment")
A57: Tablet | B57: =COUNTIFS(raw_data!E2:E1409,A57,raw_data!C2:C1409,"Control") | C57: =COUNTIFS(raw_data!E2:E1409,A57,raw_data!C2:C1409,"Treatment")
A59: -- traffic_source --
A60: Value | B60: Control | C60: Treatment
A61: Email | B61: =COUNTIFS(raw_data!F2:F1409,A61,raw_data!C2:C1409,"Control") | C61: =COUNTIFS(raw_data!F2:F1409,A61,raw_data!C2:C1409,"Treatment")
A62: Organic | B62: =COUNTIFS(raw_data!F2:F1409,A62,raw_data!C2:C1409,"Control") | C62: =COUNTIFS(raw_data!F2:F1409,A62,raw_data!C2:C1409,"Treatment")
A63: Paid Search | B63: =COUNTIFS(raw_data!F2:F1409,A63,raw_data!C2:C1409,"Control") | C63: =COUNTIFS(raw_data!F2:F1409,A63,raw_data!C2:C1409,"Treatment")
A64: Referral | B64: =COUNTIFS(raw_data!F2:F1409,A64,raw_data!C2:C1409,"Control") | C64: =COUNTIFS(raw_data!F2:F1409,A64,raw_data!C2:C1409,"Treatment")
A65: Social | B65: =COUNTIFS(raw_data!F2:F1409,A65,raw_data!C2:C1409,"Control") | C65: =COUNTIFS(raw_data!F2:F1409,A65,raw_data!C2:C1409,"Treatment")
A67: -- plan_type --
A68: Value | B68: Control | C68: Treatment
A69: Basic | B69: =COUNTIFS(raw_data!G2:G1409,A69,raw_data!C2:C1409,"Control") | C69: =COUNTIFS(raw_data!G2:G1409,A69,raw_data!C2:C1409,"Treatment")
A70: Free | B70: =COUNTIFS(raw_data!G2:G1409,A70,raw_data!C2:C1409,"Control") | C70: =COUNTIFS(raw_data!G2:G1409,A70,raw_data!C2:C1409,"Treatment")
A71: Premium | B71: =COUNTIFS(raw_data!G2:G1409,A71,raw_data!C2:C1409,"Control") | C71: =COUNTIFS(raw_data!G2:G1409,A71,raw_data!C2:C1409,"Treatment")

Sheet cleaned_data
A1: user_id | B1: signup_date | C1: experiment_group | D1: region | E1: device_type | F1: traffic_source | G1: plan_type | H1: visited_landing_page | I1: started_trial | J1: completed_onboarding | K1: converted_to_paid | L1: revenue_30d | M1: support_tickets_30d | N1: refund_requested | O1: days_to_convert | P1: engagement_score
A2: USR-100001 | B2: 45732 | C2: Control | D2: North | E2: Desktop | F2: Email | G2: Basic | H2: 0 | I2: 0 | J2: 0 | K2: 0 | L2: 0 | M2: 0 | N2: 0 | P2: 45.7
A3: USR-100002 | B3: 45724 | C3: Control | D3: West | E3: Mobile | F3: Organic | G3: Free | H3: 1 | I3: 0 | J3: 0 | K3: 0 | L3: 0 | M3: 0 | N3: 0 | P3: 48.6
A4: USR-100003 | B4: 45771 | C4: Control | D4: East | E4: Mobile | F4: Paid Search | G4: Premium | H4: 1 | I4: 0 | J4: 0 | K4: 0 | L4: 0 | M4: 1 | N4: 0 | P4: 35.4
A5: USR-100004 | B5: 45781 | C5: Control | D5: South | E5: Mobile | F5: Email | G5: Basic | H5: 1 | I5: 0 | J5: 0 | K5: 0 | L5: 0 | M5: 0 | N5: 0 | P5: 64.6
A6: USR-100005 | B6: 45700 | C6: Control | D6: North | E6: Tablet | F6: Organic | G6: Free | H6: 0 | I6: 0 | J6: 0 | K6: 0 | L6: 0 | M6: 0 | N6: 0 | P6: 66.6
A7: USR-100006 | B7: 45685 | C7: Control | D7: East | E7: Mobile | F7: Organic | G7: Premium | H7: 1 | I7: 0 | J7: 0 | K7: 0 | L7: 0 | M7: 0 | N7: 0 | P7: 40.8
A8: USR-100007 | B8: 45755 | C8: Control | D8: East | E8: Mobile | F8: Paid Search | G8: Basic | H8: 1 | I8: 1 | J8: 0 | K8: 0 | L8: 0 | M8: 0 | N8: 0 | P8: 57.1
A9: USR-100008 | B9: 45794 | C9: Control | D9: South | E9: Mobile | F9: Paid Search | G9: Free | H9: 0 | I9: 0 | J9: 0 | K9: 0 | L9: 0 | M9: 0 | N9: 0 | P9: 36.4
A10: USR-100009 | B10: 45711 | C10: Control | D10: South | E10: Tablet | F10: Referral | G10: Basic | H10: 0 | I10: 0 | J10: 0 | K10: 0 | L10: 0 | M10: 0 | N10: 0 | P10: 55.4
A11: USR-100010 | B11: 45806 | C11: Control | D11: West | E11: Desktop | F11: Social | G11: Free | H11: 1 | I11: 0 | J11: 0 | K11: 0 | L11: 0 | M11: 0 | N11: 0 | P11: 57.3
A12: USR-100011 | B12: 45777 | C12: Control | D12: East | E12: Mobile | F12: Paid Search | G12: Basic | H12: 1 | I12: 1 | J12: 1 | K12: 0 | L12: 0 | M12: 0 | N12: 0 | P12: 63.6
A13: USR-100012 | B13: 45732 | C13: Control | D13: East | E13: Mobile | F13: Social | G13: Premium | H13: 1 | I13: 1 | J13: 1 | K13: 0 | L13: 0 | M13: 1 | N13: 0 | P13: 80.4
... A60: USR-100059 | B60: 45761 | C60: Control | D60: North | E60: Mobile | F60: Social | G60: Free | H60: 0 | I60: 0 | J60: 0 | K60: 0 | L60: 0 | M60: 2 | N60: 0 | P60: 48.9
A61: USR-100060 | B61: 45658 | C61: Control | D61: West | E61: Mobile | F61: Social | G61: Free | H61: 1 | I61: 1 | J61: 1 | K61: 1 | L61: 240.42 | M61: 0 | N61: 0 | O61: 16 | P61: 56.5
A62: USR-100061 | B62: 45749 | C62: Control | D62: South | E62: Mobile | F62: Referral | G62: Free | H62: 1 | I62: 0 | J62: 0 | K62: 0 | L62: 0 | M62: 0 | N62: 0 | P62: 53.7
A63: USR-100062 | B63: 45745 | C63: Control | D63: North | E63: Mobile | F63: Social | G63: Premium | H63: 0 | I63: 0 | J63: 0 | K63: 0 | L63: 0 | M63: 0 | N63: 0 | P63: 62.2
A64: USR-100063 | B64: 45792 | C64: Control | D64: South | E64: Desktop | F64: Organic | G64: Free | H64: 1 | I64: 0 | J64: 0 | K64: 0 | L64: 0 | M64: 0 | N64: 0 | P64: 50.2
A65: USR-100064 | B65: 45758 | C65: Control | D65: North | E65: Mobile | F65: Organic | G65: Basic | H65: 1 | I65: 0 | J65: 0 | K65: 0 | L65: 0 | M65: 0 | N65: 0 | P65: 74.3
A66: USR-100065 | B66: 45723 | C66: Control | D66: South | E66: Desktop | F66: Paid Search | G66: Free | H66: 1 | I66: 0 | J66: 0 | K66: 0 | L66: 0 | M66: 0 | N66: 0 | P66: 58
A67: USR-100066 | B67: 45807 | C67: Control | D67: South | E67: Mobile | F67: Organic | G67: Free | H67: 0 | I67: 0 | J67: 0 | K67: 0 | L67: 0 | M67: 0 | N67: 0 | P67: 46.7
A68: USR-100067 | B68: 45664 | C68: Control | D68: South | E68: Desktop | F68: Organic | G68: Premium | H68: 1 | I68: 0 | J68: 0 | K68: 0 | L68: 0 | M68: 1 | N68: 0 | P68: 49.6
A69: USR-100068 | B69: 45785 | C69: Control | D69: West | E69: Mobile | F69: Social | G69: Free | H69: 0 | I69: 0 | J69: 0 | K69: 0 | L69: 0 | M69: 0 | N69: 0 | P69: 60.4
A70: USR-100069 | B70: 45735 | C70: Control | D70: East | E70: Desktop | F70: Email | G70: Free | H70: 1 | I70: 1 | J70: 1 | K70: 0 | L70: 0 | M70: 0 | N70: 0 | P70: 55.3
A71: USR-100070 | B71: 45793 | C71: Control | D71: North | E71: Desktop | F71: Organic | G71: Free | H71: 0 | I71: 0 | J71: 0 | K71: 0 | L71: 0 | M71: 0 | N71: 0 | P71: 56.2
A72: USR-100071 | B72: 45724 | C72: Control | D72: West | E72: Mobile | F72: Email | G72: Free | H72: 0 | I72: 0 | J72: 0 | K72: 0 | L72: 0 | M72: 0 | N72: 0 | P72: 29.4
A73: USR-100072 | B73: 45724 | C73: Control | D73: East | E73: Mobile | F73: Email | G73: Free | H73: 1 | I73: 0 | J73: 0 | K73: 0 | L73: 0 | M73: 0 | N73: 0 | P73: 54.2
... A79: USR-100078 | B79: 45673 | C79: Control | D79: North | E79: Mobile | F79: Organic | G79: Free | H79: 0 | I79: 0 | J79: 0 | K79: 0 | L79: 0 | M79: 2 | N79: 0 | P79: 48.4
A80: USR-100079 | B80: 45708 | C80: Control | D80: West | E80: Desktop | F80: Organic | G80: Free | H80: 1 | I80: 1 | J80: 1 | K80: 1 | L80: 457.51 | M80: 0 | N80: 0 | O80: 7 | P80: 38
A81: USR-100080 | B81: 45798 | C81: Control | D81: East | E81: Mobile | F81: Social | G81: Free | H81: 1 | I81: 0 | J81: 0 | K81: 0 | L81: 0 | M81: 0 | N81: 0 | P81: 44.2
A82: USR-100081 | B82: 45785 | C82: Control | D82: South | E82: Mobile | F82: Organic | G82: Free | H82: 1 | I82: 1 | J82: 1 | K82: 0 | L82: 0 | M82: 0 | N82: 0 | P82: 81.2
A83: USR-100082 | B83: 45724 | C83: Control | D83: South | E83: Mobile | F83: Referral | G83: Free | H83: 1 | I83: 1 | J83: 0 | K83: 0 | L83: 0 | M83: 0 | N83: 0 | P83: 63.8
A84: USR-100083 | B84: 45748 | C84: Control | D84: South | E84: Desktop | F84: Email | G84: Free | H84: 0 | I84: 0 | J84: 0 | K84: 0 | L84: 0 | M84: 0 | N84: 0 | P84: 64.7
A85: USR-100084 | B85: 45719 | C85: Control | D85: West | E85: Mobile | F85: Social | G85: Basic | H85: 0 | I85: 0 | J85: 0 | K85: 0 | L85: 0 | M85: 0 | N85: 0 | P85: 60.4
A86: USR-100085 | B86: 45763 | C86: Control | D86: South | E86: Mobile | F86: Paid Search | G86: Free | H86: 0 | I86: 0 | J86: 0 | K86: 0 | L86: 0 | M86: 0 | N86: 0 | P86: 66.6
A87: USR-100086 | B87: 45666 | C87: Control | D87: North | E87: Desktop | F87: Organic | G87: Free | H87: 1 | I87: 0 | J87: 0 | K87: 0 | L87: 0 | M87: 0 | N87: 0 | P87: 50.9
A88: USR-100087 | B88: 45679 | C88: Control | D88: West | E88: Desktop | F88: Social | G88: Basic | H88: 0 | I88: 0 | J88: 0 | K88: 0 | L88: 0 | M88: 0 | N88: 0 | P88: 51
A89: USR-100088 | B89: 45777 | C89: Control | D89: South | E89: Mobile | F89: Email | G89: Premium | H89: 0 | I89: 0 | J89: 0 | K89: 0 | L89: 0 | M89: 0 | N89: 0 | P89: 65.8
A90: USR-100089 | B90: 45772 | C90: Control | D90: North | E90: Mobile | F90: Referral | G90: Basic | H90: 1 | I90: 0 | J90: 0 | K90: 0 | L90: 0 | M90: 0 | N90: 0 | P90: 61.8
A91: USR-100090 | B91: 45689 | C91: Control | D91: North | E91: Mobile | F91: Organic | G91: Basic | H91: 1 | I91: 0 | J91: 0 | K91: 0 | L91: 0 | M91: 0 | N91: 0 | P91: 54.5
A92: USR-100091 | B92: 45770 | C92: Control | D92: South | E92: Desktop | F92: Organic | G92: Free | H92: 1 | I92: 0 | J92: 0 | K92: 0 | L92: 0 | M92: 0 | N92: 0 | P92: 72.2
... A99: USR-100098 | B99: 45699 | C99: Control | D99: North | E99: Desktop | F99: Organic | G99: Premium | H99: 1 | I99: 0 | J99: 0 | K99: 0 | L99: 0 | M99: 0 | N99: 0 | P99: 63.2
A100: USR-100099 | B100: 45699 | C100: Control | D100: East | E100: Desktop | F100: Social | G100: Free | H100: 1 | I100: 1 | J100: 1 | K100: 1 | L100: 363.32 | M100: 0 | N100: 0 | O100: 9 | P100: 55.9
A101: USR-100100 | B101: 45803 | C101: Control | D101: North | E101: Mobile | F101: Organic | G101: Free | H101: 1 | I101: 0 | J101: 0 | K101: 0 | L101: 0 | M101: 0 | N101: 0 | P101: 63.5
A102: USR-100101 | B102: 45738 | C102: Control | D102: North | E102: Mobile | F102: Paid Search | G102: Basic | H102: 1 | I102: 0 | J102: 0 | K102: 0 | L102: 0 | M102: 0 | N102: 0 | P102: 51.5
A103: USR-100102 | B103: 45755 | C103: Control | D103: West | E103: Mobile | F103: Paid Search | G103: Free | H103: 1 | I103: 0 | J103: 0 | K103: 0 | L103: 0 | M103: 0 | N103: 0 | P103: 74.4
A104: USR-100103 | B104: 45761 | C104: Control | D104: North | E104: Desktop | F104: Social | G104: Free | H104: 1 | I104: 1 | J104: 1 | K104: 1 | L104: 3887.98 | M104: 0 | N104: 0 | O104: 13 | P104: 60.2
A105: USR-100104 | B105: 45743 | C105: Control | D105: South | E105: Mobile | F105: Email | G105: Free | H105: 1 | I105: 0 | J105: 0 | K105: 0 | L105: 0 | M105: 1 | N105: 0 | P105: 67.2
A106: USR-100105 | B106: 45662 | C106: Control | D106: South | E106: Mobile | F106: Social | G106: Free | H106: 1 | I106: 1 | J106: 1 | K106: 0 | L106: 0 | M106: 0 | N106: 0 | P106: 79.6
A107: USR-100106 | B107: 45682 | C107: Control | D107: South | E107: Mobile | F107: Social | G107: Basic | H107: 1 | I107: 1 | J107: 1 | K107: 1 | L107: 8610.72 | M107: 0 | N107: 0 | O107: 6 | P107: 61
A108: USR-100107 | B108: 45680 | C108: Control | D108: West | E108: Mobile | F108: Email | G108: Free | H108: 1 | I108: 1 | J108: 1 | K108: 0 | L108: 0 | M108: 4 | N108: 0 | P108: 51.1
A109: USR-100108 | B109: 45802 | C109: Control | D109: East | E109: Desktop | F109: Referral | G109: Free | H109: 1 | I109: 0 | J109: 0 | K109: 0 | L109: 0 | M109: 0 | N109: 0 | P109: 92.1
A110: USR-100109 | B110: 45738 | C110: Control | D110: South | E110: Mobile | F110: Referral | G110: Basic | H110: 0 | I110: 0 | J110: 0 | K110: 0 | L110: 0 | M110: 0 | N110: 0 | P110: 82.1
A111: USR-100110 | B111: 45700 | C111: Control | D111: West | E111: Desktop | F111: Paid Search | G111: Basic | H111: 1 | I111: 0 | J111: 0 | K111: 0 | L111: 0 | M111: 1 | N111: 0 | P111: 74
A112: USR-100111 | B112: 45775 | C112: Control | D112: West | E112: Desktop | F112: Organic | G112: Basic | H112: 1 | I112: 0 | J112: 0 | K112: 0 | L112: 0 | M112: 0 | N112: 0 | P112: 63.4
A113: USR-100112 | B113: 45687 | C113: Control | D113: North | E113: Mobile | F113: Organic | G113: Basic | H113: 1 | I113: 0 | J113: 0 | K113: 0 | L113: 0 | M113: 0 | N113: 0 | P113: 53.2
A114: USR-100113 | B114: 45796 | C114: Control | D114: East | E114: Tablet | F114: Paid Search | G114: Free | H114: 0 | I114: 0 | J114: 0 | K114: 0 | L114: 0 | M114: 0 | N114: 0 | P114: 48.1
A115: USR-100114 | B115: 45680 | C115: Control | D115: South | E115: Mobile | F115: Social | G115: Free | H115: 1 | I115: 1 | J115: 0 | K115: 0 | L115: 0 | M115: 0 | N115: 0 | P115: 61.5
A116: USR-100115 | B116: 45744 | C116: Control | D116: East | E116: Desktop | F116: Social | G116: Free | H116: 1 | I116: 0 | J116: 0 | K116: 0 | L116: 0 | M116: 0 | N116: 0 | P116: 63.2
A117: USR-100116 | B117: 45668 | C117: Control | D117: West | E117: Mobile | F117: Organic | G117: Free | H117: 0 | I117: 0 | J117: 0 | K117: 0 | L117: 0 | M117: 0 | N117: 0 | P117: 71.9
A118: USR-100117 | B118: 45758 | C118: Control | D118: North | E118: Mobile | F118: Referral | G118: Free | H118: 0 | I118: 0 | J118: 0 | K118: 0 | L118: 0 | M118: 0 | N118: 0 | P118: 62.7
A119: USR-100118 | B119: 45659 | C119: Control | D119: West | E119: Mobile | F119: Paid Search | G119: Free | H119: 1 | I119: 0 | J119: 0 | K119: 0 | L119: 0 | M119: 0 | N119: 0 | P119: 51.5
... A142: USR-100141 | B142: 45676 | C142: Control | D142: South | E142: Mobile | F142: Organic | G142: Free | H142: 0 | I142: 0 | J142: 0 | K142: 0 | L142: 0 | M142: 0 | N142: 0 | P142: 49.6
A143: USR-100142 | B143: 45750 | C143: Control | D143: West | E143: Desktop | F143: Social | G143: Free | H143: 1 | I143: 1 | J143: 1 | K143: 1 | L143: 404.4 | M143: 0 | N143: 0 | O143: 9 | P143: 80.6
A144: USR-100143 | B144: 45754 | C144: Control | D144: North | E144: Mobile | F144: Paid Search | G144: Free | H144: 1 | I144: 0 | J144: 0 | K144: 0 | L144: 0 | M144: 0 | N144: 0 | P144: 47.9
A145: USR-100144 | B145: 45663 | C145: Control | D145: East | E145: Mobile | F145: Paid Search | G145: Basic | H145: 1 | I145: 1 | J145: 0 | K145: 0 | L145: 0 | M145: 0 | N145: 0 | P145: 54.8
A146: USR-100145 | B146: 45758 | C146: Control | D146: East | E146: Mobile | F146: Organic | G146: Free | H146: 1 | I146: 0 | J146: 0 | K146: 0 | L146: 0 | M146: 1 | N146: 0 | P146: 53.9
A147: USR-100146 | B147: 45770 | C147: Control | D147: East | E147: Mobile | F147: Paid Search | G147: Free | H147: 1 | I147: 0 | J147: 0 | K147: 0 | L147: 0 | M147: 0 | N147: 0 | P147: 41.3
A148: USR-100147 | B148: 45741 | C148: Control | D148: West | E148: Mobile | F148: Organic | G148: Basic | H148: 1 | I148: 1 | J148: 0 | K148: 0 | L148: 0 | M148: 0 | N148: 0 | P148: 38.9
A149: USR-100148 | B149: 45802 | C149: Control | D149: South | E149: Desktop | F149: Organic | G149: Basic | H149: 1 | I149: 0 | J149: 0 | K149: 0 | L149: 0 | M149: 0 | N149: 0 | P149: 63.6
A150: USR-100149 | B150: 45685 | C150: Control | D150: North | E150: Mobile | F150: Organic | G150: Free | H150: 1 | I150: 1 | J150: 1 | K150: 1 | L150: 577.94 | M150: 0 | N150: 0 | O150: 9 | P150: 76.6
A151: USR-100150 | B151: 45700 | C151: Control | D151: West | E151: Mobile | F151: Paid Search | G151: Premium | H151: 0 | I151: 0 | J151: 0 | K151: 0 | L151: 0 | M151: 1 | N151: 0 | P151: 67.6
A152: USR-100151 | B152: 45776 | C152: Control | D152: North | E152: Mobile | F152: Social | G152: Premium | H152: 1 | I152: 0 | J152: 0 | K152: 0 | L152: 0 | M152: 0 | N152: 0 | P152: 43.1
A153: USR-100152 | B153: 45729 | C153: Control | D153: South | E153: Mobile | F153: Email | G153: Free | H153: 1 | I153: 0 | J153: 0 | K153: 0 | L153: 0 | M153: 0 | N153: 0 | P153: 58.3
A154: USR-100153 | B154: 45692 | C154: Control | D154: East | E154: Desktop | F154: Paid Search | G154: Free | H154: 1 | I154: 0 | J154: 0 | K154: 0 | L154: 0 | M154: 0 | N154: 0 | P154: 69.8
A155: USR-100154 | B155: 45720 | C155: Control | D155: South | E155: Mobile | F155: Referral | G155: Free | H155: 1 | I155: 1 | J155: 0 | K155: 0 | L155: 0 | M155: 0 | N155: 0
A156: USR-100155 | B156: 45692 | C156: Control | D156: West | E156: Mobile | F156: Paid Search | G156: Basic | H156: 1 | I156: 1 | J156: 0 | K156: 0 | L156: 0 | M156: 0 | N156: 0 | P156: 41.9
A157: USR-100156 | B157: 45727 | C157: Control | D157: North | E157: Desktop | F157: Organic | G157: Free | H157: 0 | I157: 0 | J157: 0 | K157: 0 | L157: 0 | M157: 0 | N157: 0 | P157: 33.1
A158: USR-100157 | B158: 45769 | C158: Control | D158: West | E158: Mobile | F158: Organic | G158: Free | H158: 0 | I158: 0 | J158: 0 | K158: 0 | L158: 0 | M158: 0 | N158: 0 | P158: 58.6
A159: USR-100158 | B159: 45724 | C159: Control | D159: North | E159: Desktop | F159: Paid Search | G159: Free | H159: 0 | I159: 0 | J159: 0 | K159: 0 | L159: 0 | M159: 0 | N159: 0 | P159: 55.7
A160: USR-100159 | B160: 45726 | C160: Control | D160: East | E160: Mobile | F160: Organic | G160: Free | H160: 0 | I160: 0 | J160: 0 | K160: 0 | L160: 0 | M160: 2 | N160: 0 | P160: 64.9
A161: USR-100160 | B161: 45795 | C161: Control | D161: North | E161: Desktop | F161: Paid Search | G161: Basic | H161: 0 | I161: 0 | J161: 0 | K161: 0 | L161: 0 | M161: 0 | N161: 0 | P161: 72.3
A162: USR-100161 | B162: 45791 | C162: Control | D162: North | E162: Mobile | F162: Social | G162: Basic | H162: 0 | I162: 0 | J162: 0 | K162: 0 | L162: 0 | M162: 0 | N162: 0 | P162: 42.1
A163: USR-100162 | B163: 45689 | C163: Control | D163: North | E163: Mobile | F163: Organic | G163: Free | H163: 0 | I163: 0 | J163: 0 | K163: 0 | L163: 0 | M163: 0 | N163: 0
A164: USR-100163 | B164: 45758 | C164: Control | D164: South | E164: Mobile | F164: Organic | G164: Basic | H164: 0 | I164: 0 | J164: 0 | K164: 0 | L164: 0 | M164: 1 | N164: 0 | P164: 64.8
A165: USR-100164 | B165: 45702 | C165: Control | D165: East | E165: Mobile | F165: Organic | G165: Free | H165: 0 | I165: 0 | J165: 0 | K165: 0 | L165: 0 | M165: 0 | N165: 0 | P165: 72.1
A166: USR-100165 | B166: 45796 | C166: Control | D166: East | E166: Mobile | F166: Social | G166: Free | H166: 1 | I166: 0 | J166: 0 | K166: 0 | L166: 0 | M166: 0 | N166: 0 | P166: 50.6
A167: USR-100166 | B167: 45773 | C167: Control | D167: North | E167: Desktop | F167: Paid Search | G167: Basic | H167: 1 | I167: 1 | J167: 1 | K167: 1 | L167: 1281.25 | M167: 1 | N167: 0 | O167: 9 | P167: 43.4
A168: USR-100167 | B168: 45753 | C168: Control | D168: South | E168: Mobile | F168: Social | G168: Free | H168: 1 | I168: 0 | J168: 0 | K168: 0 | L168: 0 | M168: 0 | N168: 0 | P168: 59.7
A169: USR-100168 | B169: 45722 | C169: Control | D169: South | E169: Mobile | F169: Paid Search | G169: Free | H169: 1 | I169: 0 | J169: 0 | K169: 0 | L169: 0 | M169: 1 | N169: 0
A170: USR-100169 | B170: 45726 | C170: Control | D170: West | E170: Mobile | F170: Social | G170: Basic | H170: 0 | I170: 0 | J170: 0 | K170: 0 | L170: 0 | M170: 0 | N170: 0 | P170: 54.5
A171: USR-100170 | B171: 45746 | C171: Control | D171: North | E171: Mobile | F171: Organic | G171: Free | H171: 1 | I171: 0 | J171: 0 | K171: 0 | L171: 0 | M171: 0 | N171: 0 | P171: 71.1
A172: USR-100171 | B172: 45806 | C172: Control | D172: East | E172: Unknown | F172: Paid Search | G172: Free | H172: 1 | I172: 1 | J172: 1 | K172: 0 | L172: 0 | M172: 0 | N172: 0 | P172: 44.4
A173: USR-100172 | B173: 45739 | C173: Control | D173: North | E173: Mobile | F173: Organic | G173: Free | H173: 1 | I173: 0 | J173: 0 | K173: 0 | L173: 0 | M173: 0 | N173: 0 | P173: 61.7
A174: USR-100173 | B174: 45706 | C174: Control | D174: North | E174: Tablet | F174: Organic | G174: Basic | H174: 0 | I174: 0 | J174: 0 | K174: 0 | L174: 0 | M174: 1 | N174: 0 | P174: 81.3
A175: USR-100174 | B175: 45683 | C175: Control | D175: North | E175: Desktop | F175: Email | G175: Free | H175: 1 | I175: 0 | J175: 0 | K175: 0 | L175: 0 | M175: 2 | N175: 0 | P175: 28.7
A176: USR-100175 | B176: 45770 | C176: Control | D176: East | E176: Mobile | F176: Social | G176: Basic | H176: 0 | I176: 0 | J176: 0 | K176: 0 | L176: 0 | M176: 0 | N176: 0 | P176: 53
A177: USR-100176 | B177: 45732 | C177: Control | D177: South | E177: Tablet | F177: Referral | G177: Basic | H177: 1 | I177: 0 | J177: 0 | K177: 0 | L177: 0 | M177: 0 | N177: 0 | P177: 54.9
A178: USR-100177 | B178: 45776 | C178: Control | D178: West | E178: Mobile | F178: Organic | G178: Basic | H178: 1 | I178: 0 | J178: 0 | K178: 0 | L178: 0 | M178: 0 | N178: 0 | P178: 58.2
A179: USR-100178 | B179: 45753 | C179: Control | D179: North | E179: Mobile | F179: Organic | G179: Free | H179: 0 | I179: 0 | J179: 0 | K179: 0 | L179: 0 | M179: 0 | N179: 0 | P179: 80.6
...
